dataset,method,n_runs,accuracy_mean,accuracy_std,accuracy_ci_low,accuracy_ci_high,demographic_parity_ratio_mean,demographic_parity_ratio_std,demographic_parity_ratio_ci_low,demographic_parity_ratio_ci_high,equalized_odds_gap_mean,equalized_odds_gap_std,equalized_odds_gap_ci_low,equalized_odds_gap_ci_high,intervention_rate_mean,intervention_rate_std,intervention_rate_ci_low,intervention_rate_ci_high
adult,base_model,3,0.8715389733353804,0.0035458330673399352,0.8675264854905572,0.8755514611802037,0.2993879779452475,0.015342030620022555,0.28202683594881195,0.3167491199416831,0.08262448568966459,0.015150527475514684,0.06548004990161227,0.0997689214777169,0.0,0.0,0.0,0.0
adult,coda_full,3,0.842315369261477,0.00853213203712568,0.8326603529538209,0.8519703855691331,0.9652980481663099,0.10053404988830764,0.8515330610654641,1.0790630352671557,0.2719116606430247,0.006973350870953857,0.2640205712781268,0.2798027500079226,0.07057679512769333,0.00709831145814456,0.06254429954663626,0.07860929070875039
adult,coda_naive_init,3,0.865602129075183,0.003535846348209395,0.8616009422669173,0.8696033158834486,0.5149276946848919,0.012247059534133735,0.5010688421720174,0.5287865471977663,0.1347180929390461,0.009911369793185985,0.12350232218350375,0.14593386369458847,0.048211269768156005,0.0015121845235369431,0.04650007189036826,0.04992246764594375
adult,coda_no_damping,3,0.8436972209427299,0.007460482489332951,0.8352548902586682,0.8521395516267917,0.943479648892901,0.08429772832794298,0.8480877892541658,1.0388715085316362,0.26511762449952664,0.007579060987671002,0.2565411096127112,0.2736941393863421,0.06899022467884743,0.0053017319263340594,0.06299075022336063,0.07498969913433422
adult,coda_no_ema,3,0.8418035723424945,0.00905923918181099,0.8315520781491618,0.8520550665358272,0.9667540167692192,0.10177596723559806,0.8515836678914254,1.081924365647013,0.27491494533994726,0.0055827888014980615,0.26859742508989476,0.28123246558999976,0.07057679512769333,0.006792838946941836,0.06288997423431919,0.07826361602106746
adult,coda_no_overshoot,3,0.8421618301857823,0.008684124515510103,0.8323348181974386,0.851988842174126,0.9590121735347394,0.09313399876057894,0.8536211325946914,1.0644032144747875,0.2732850454901703,0.006306015740467823,0.266149116915035,0.2804209740653056,0.07011617790060903,0.006467501342717898,0.06279751116385224,0.07743484463736583
adult,coda_no_warmup,3,0.8420594708019857,0.008090115566466962,0.832904643217839,0.8512142983861325,0.9654122421268688,0.10034313764944057,0.8518632925617259,1.0789611916920117,0.27216228720944075,0.006739933027793106,0.2645353349995246,0.2797892394193569,0.07052561543579507,0.007179217485027269,0.062401566066594395,0.07864966480499573
adult,group_threshold,3,0.8564921439172936,0.004586511429087388,0.8513020176451728,0.8616822701894143,0.8031872443168885,0.10908976836423259,0.6797405503402782,0.9266339382934987,0.26218623350793674,0.03522845046925723,0.22232148899928098,0.3020509780165925,0.06684067761912073,0.0125342189700794,0.052656873614064896,0.08102448162417655
bank_marketing,base_model,3,0.7402597402597403,0.0039040742888855266,0.7358418643101565,0.744677616209324,1.093399683539361,0.11086993000008981,0.9679385470354107,1.218860820043311,0.04656221481834235,0.014122703425367018,0.03058087143467339,0.06254355820201131,0.0,0.0,0.0,0.0
bank_marketing,coda_full,3,0.7251828631138976,0.010076960042834843,0.7137797093509437,0.7365860168768514,1.0142297178935544,0.008217206620674421,1.0049310732428653,1.0235283625442435,0.030824945129110475,0.015998334822942002,0.012721125012552268,0.04892876524566868,0.10673234811165845,0.04892679255906169,0.05136647027672232,0.16209822594659457
bank_marketing,coda_naive_init,3,0.7345872518286312,0.003177160270755764,0.7309919565269755,0.7381825471302869,1.045664082990412,0.01950308474089911,1.023594264989047,1.067733900991777,0.028546407885475893,0.016390368696735505,0.00999895967828807,0.04709385609266371,0.07583221376324824,0.009137594233648539,0.06549205248178483,0.08617237504471165
bank_marketing,coda_no_damping,3,0.7327959396924913,0.008126978706562898,0.7235993975383838,0.7419924818465989,1.0295205590114296,0.01145349562373841,1.0165597085996356,1.0424814094232235,0.02349503778724929,0.021097893977341915,-0.00037947675636968575,0.047369552330868266,0.09702940737423497,0.040068306481104925,0.0516878502098718,0.14237096453859815
bank_marketing,coda_no_ema,3,0.7245857590685176,0.00976018572221377,0.7135410691945583,0.735630448942477,1.0155425378113037,0.007479600532488643,1.0070785730248117,1.0240065025977956,0.028772885084396294,0.013874170027946414,0.013072783715577994,0.0444729864532146,0.10464248395282878,0.048341233381723504,0.04993922870527147,0.15934573920038608
bank_marketing,coda_no_overshoot,3,0.735035079862666,0.003361197268009455,0.7312315270935961,0.738838632631736,1.0470892899163984,0.004784380379660432,1.0416752538481975,1.0525033259845993,0.03683022122143342,0.02714149887068969,0.006116723930196286,0.06754371851267055,0.08045977011494253,0.0433545956418942,0.03139942668461074,0.12952011354527432
bank_marketing,coda_no_warmup,3,0.7253321391252426,0.009987000258950707,0.7140307844409546,0.7366334938095307,1.0136575154762804,0.008766722962093082,1.0037370345466128,1.023577996405948,0.030824945129110475,0.015998334822942002,0.012721125012552268,0.04892876524566868,0.10658307210031348,0.048761872239377335,0.05140381917566798,0.161762325024959
bank_marketing,group_threshold,3,0.7387669801462905,0.002546457995108512,0.7358853916567368,0.7416485686358442,1.1074732516601256,0.12235038076883764,0.969020762126336,1.245925741193915,0.06316243749181283,0.021786615308126835,0.03850856139457225,0.08781631358905341,0.04806687565308254,0.008733603508768515,0.038183872912987936,0.05794987839317715
compas,base_model,3,0.7066968781470292,0.0008721303159964384,0.7057099697885196,0.7076837865055388,0.6340685089656002,0.013056469962735339,0.6192937223282032,0.6488432956029971,0.20769547962899626,0.01751222236418222,0.18787853448870065,0.22751242476929187,0.0,0.0,0.0,0.0
compas,coda_full,3,0.6953675730110774,0.006022595022107598,0.6885523651708989,0.702182780851256,0.9921615344400302,0.014049918983126738,0.9762625544063089,1.0080605144737516,0.056871443421114276,0.018082408196467014,0.036409272271053505,0.07733361457117505,0.12487411883182276,0.011654040206202549,0.11168633086143515,0.13806190680221037
compas,coda_naive_init,3,0.6983887210473313,0.002307439926966704,0.695777606963904,0.7009998351307586,0.9340134581612665,0.022787959536921688,0.9082264543983354,0.9598004619241975,0.029617296888560334,0.008864771151612607,0.019585863987611918,0.03964872978950875,0.12437059415911382,0.005866656695735673,0.11773184714696264,0.131009341171265
compas,coda_no_damping,3,0.6938569989929507,0.007108664603975553,0.68581278772449,0.7019012102614115,0.9824317131867728,0.03257071285995395,0.9455744819054837,1.019288944468062,0.0545319144099178,0.03617881588044492,0.013591730198345711,0.09547209862148989,0.12839879154078548,0.011158071527714614,0.11577224496446575,0.14102533811710521
compas,coda_no_ema,3,0.6953675730110774,0.005681411931720415,0.6889384501830919,0.701796695839063,0.9941357175024029,0.017192927665533545,0.97468008832733,1.013591346677476,0.05522990533307678,0.01332291023581792,0.04015361314344093,0.07030619752271262,0.12462235649546828,0.011522769110568248,0.11158311575378718,0.13766159723714938
compas,coda_no_overshoot,3,0.6953675730110774,0.006022595022107598,0.6885523651708989,0.702182780851256,0.9921615344400302,0.014049918983126738,0.9762625544063089,1.0080605144737516,0.056871443421114276,0.018082408196467014,0.036409272271053505,0.07733361457117505,0.12487411883182276,0.011654040206202549,0.11168633086143515,0.13806190680221037
compas,coda_no_warmup,3,0.695115810674723,0.005975047475481278,0.6883544079486787,0.7018772134007671,0.9907761834557046,0.015293611839883025,0.973469832466934,1.0080825344444753,0.056499753814393316,0.016961131377954915,0.03730642683142048,0.07569308079736616,0.12462235649546828,0.011572170276468704,0.11152721307198259,0.13771749991895396
compas,group_threshold,3,0.6947381671701912,0.003966755099846107,0.6902493612057685,0.6992269731346139,0.9397041757347319,0.09037616585936468,0.8374339165077601,1.0419744349617035,0.05335666436708323,0.004479687878835887,0.04828742032172968,0.05842590841243678,0.09906847935548842,0.032888246986655746,0.06185192438368405,0.13628503432729278
german_credit,base_model,3,0.7916666666666666,0.047521924764610826,0.7378905463983625,0.8454427869349708,0.9068529704983866,0.0723265116617468,0.8250078177825726,0.9886981232142007,0.14080558794517606,0.09106744121391261,0.03775307701462084,0.2438580988757313,0.0,0.0,0.0,0.0
german_credit,coda_full,3,0.7833333333333333,0.014433756729740658,0.767,0.7996666666666666,1.0663240768075797,0.14116430586596665,0.906581626823882,1.2260665267912774,0.13212102038356432,0.05857888839651806,0.06583276789382919,0.19840927287329946,0.08833333333333333,0.03752776749732568,0.04586666666666667,0.1308
german_credit,coda_naive_init,3,0.7916666666666666,0.047521924764610826,0.7378905463983625,0.8454427869349708,0.9068529704983866,0.0723265116617468,0.8250078177825726,0.9886981232142007,0.14080558794517606,0.09106744121391261,0.03775307701462084,0.2438580988757313,0.0,0.0,0.0,0.0
german_credit,coda_no_damping,3,0.7816666666666667,0.011547005383792525,0.7686000000000001,0.7947333333333334,1.0612957846265099,0.13287868882877657,0.9109293929673868,1.2116621762856328,0.12399093908275133,0.05756952702430308,0.05884488651053371,0.18913699165496894,0.08666666666666667,0.036170890690351176,0.04573545065193722,0.1275978826813961
german_credit,coda_no_ema,3,0.7833333333333333,0.014433756729740658,0.767,0.7996666666666666,1.0663240768075797,0.14116430586596665,0.906581626823882,1.2260665267912774,0.13212102038356432,0.05857888839651806,0.06583276789382919,0.19840927287329946,0.08833333333333333,0.03752776749732568,0.04586666666666667,0.1308
german_credit,coda_no_overshoot,3,0.7833333333333333,0.014433756729740658,0.767,0.7996666666666666,1.0663240768075797,0.14116430586596665,0.906581626823882,1.2260665267912774,0.13212102038356432,0.05857888839651806,0.06583276789382919,0.19840927287329946,0.08833333333333333,0.03752776749732568,0.04586666666666667,0.1308
german_credit,coda_no_warmup,3,0.7816666666666667,0.011547005383792525,0.7686000000000001,0.7947333333333334,1.0612957846265099,0.13287868882877657,0.9109293929673868,1.2116621762856328,0.12399093908275133,0.05756952702430308,0.05884488651053371,0.18913699165496894,0.08666666666666667,0.036170890690351176,0.04573545065193722,0.1275978826813961
german_credit,group_threshold,3,0.7833333333333333,0.014433756729740658,0.767,0.7996666666666666,1.0663240768075797,0.14116430586596665,0.906581626823882,1.2260665267912774,0.13212102038356432,0.05857888839651806,0.06583276789382919,0.19840927287329946,0.08833333333333333,0.03752776749732568,0.04586666666666667,0.1308
recruitment,base_model,3,0.9886826182618261,0.0006980770157588886,0.9878926697540177,0.9894725667696346,0.9069611959462337,0.012897804189407653,0.8923659565336429,0.9215564353588245,0.01735936965913128,0.009620509653596747,0.0064727381361701485,0.02824600118209241,0.0,0.0,0.0,0.0
recruitment,coda_full,3,0.9843509350935093,0.00020350176824739764,0.9841206511641801,0.9845812190228386,0.913517200501032,0.015044120839621812,0.8964931751567373,0.9305412258453267,0.015982578754485943,0.005024016312291454,0.01029736910066944,0.021667788408302448,0.01305005500550055,0.00041322825086129606,0.012582443219432355,0.013517666791568744
recruitment,coda_naive_init,3,0.9858223322332234,0.00031237119613864226,0.985468850948635,0.9861758135178117,0.9279310011631522,0.013645528752698605,0.9124896317538858,0.9433723705724186,0.01804932209101377,0.004388116705860258,0.013083700582740498,0.02301494359928704,0.010946094609460945,0.000668181001829282,0.010189976626164826,0.011702212592757064
recruitment,coda_no_damping,3,0.9845434543454346,0.0004781446273573493,0.9840023827639746,0.9850845259268945,0.9146767643613658,0.013744624974507694,0.8991232570206386,0.930230271702093,0.015958954026635757,0.005243799907401892,0.010025035821930324,0.02189287223134119,0.01283003300330033,0.0004537953795379539,0.012316515189615167,0.013343550816985492
recruitment,coda_no_ema,3,0.984419691969197,8.587731020903747e-05,0.9843225126443907,0.9845168712940032,0.9136298845164076,0.014443503426044776,0.8972855217579139,0.9299742472749013,0.015958125796414868,0.004557287129082872,0.010801069932944059,0.021115181659885678,0.013008800880088009,0.00047814462735736306,0.012467729298627968,0.013549872461548049
recruitment,coda_no_overshoot,3,0.9843509350935093,0.00020350176824739764,0.9841206511641801,0.9845812190228386,0.913517200501032,0.015044120839621812,0.8964931751567373,0.9305412258453267,0.015982578754485943,0.005024016312291454,0.01029736910066944,0.021667788408302448,0.01305005500550055,0.00041322825086129606,0.012582443219432355,0.013517666791568744
recruitment,coda_no_warmup,3,0.9843509350935093,0.00020350176824739764,0.9841206511641801,0.9845812190228386,0.914010419654137,0.014190302526386188,0.8979525806864941,0.9300682586217799,0.016151184385914046,0.00503472638748842,0.010453855141093446,0.021848513630734645,0.012995049504950494,0.0005069391801751033,0.01242139381956224,0.013568705190338749
recruitment,group_threshold,3,0.9894389438943895,0.00046491038240862426,0.9889128482709014,0.9899650395178775,0.8832938230170608,0.012473277621120734,0.8691789806402881,0.8974086653938336,0.006506484647565054,0.0013544791734120618,0.004973747173417911,0.008039222121712198,0.00424917491749175,0.0002509390482796295,0.003965210652425862,0.004533139182557638
