seed,dataset,model,method,n_samples,accuracy,balanced_accuracy,precision,recall,f1,privileged_positive_rate,unprivileged_positive_rate,demographic_parity_ratio,demographic_parity_difference,privileged_tpr,unprivileged_tpr,privileged_fpr,unprivileged_fpr,tpr_gap,fpr_gap,equalized_odds_gap,fairness_pass,roc_auc,intervention_rate,total_interventions,rolling_avg_dpr,rolling_min_dpr,rolling_fair_rate,rolling_max_eo_gap,rolling_tail_avg_dpr,rolling_tail_fair_rate,rolling_tail_max_eo_gap,accuracy_delta_vs_base,dpr_delta_vs_base,coda_threshold_updates,coda_damping_events,coda_lambda_mean,coda_lambda_max,coda_lambda_final,coda_dpr_mean,coda_dpr_std,coda_tau_initial_group_0,coda_tau_final_group_0,coda_tau_mean_group_0,coda_tau_range_group_0,coda_tau_initial_group_1,coda_tau_final_group_1,coda_tau_mean_group_1,coda_tau_range_group_1
42,adult,xgboost,base_model,6513.0,0.8694917856594503,0.7923237887167001,0.7761538461538462,0.6434948979591837,0.7036262203626221,0.25779816513761467,0.08174640037157455,0.31709457795379453,-0.17605176476604012,0.6511278195488722,0.6008403361344538,0.08514851485148515,0.01723237597911227,-0.050287483414418466,-0.06791613887237288,0.06791613887237288,0.0,0.9212129341119664,0.0,0.0,0.35548417892122186,0.0,0.0821434054966989,1.0,0.3574121901091514,0.0824694414358657,1.0,0.0,0.0,,,,,,,,,,,,,,,
42,adult,xgboost,group_threshold,6513.0,0.8616612927990174,0.7712701966529787,0.7767634854771784,0.5969387755102041,0.6750811395600433,0.20711009174311926,0.14026939154667906,0.6772697089075534,-0.0668407001964402,0.5631578947368421,0.7857142857142857,0.050825082508250824,0.06005221932114883,0.22255639097744362,0.009227136812898003,0.22255639097744362,0.0,0.9212129341119664,0.05327805926608322,347.0,0.8085953137646376,0.0,0.38031629049593124,1.0,0.8066743835534234,0.378152560730311,0.9166666666666666,-0.007830492860432914,0.3601751309537589,,,,,,,,,,,,,,,
42,adult,xgboost,coda_full,6513.0,0.852141870105942,0.7706631363364355,0.7293404094010614,0.6135204081632653,0.6664357464496017,0.21284403669724772,0.18160705991639572,0.8532400659865144,-0.031236976780851994,0.5729323308270676,0.8403361344537815,0.05478547854785479,0.09973890339425587,0.2674038036267139,0.04495342484640108,0.2674038036267139,1.0,0.9212129341119664,0.06310456011054813,411.0,1.034694212738775,0.0,0.5079072623982803,1.0,1.0345224616933828,0.5067306204548971,0.9166666666666666,-0.01734991555350829,0.5361454880327199,4829.0,2229.0,4.253923455469827,5.0,1.9802985473739532,0.7099342052501033,0.1810625358726491,0.25,0.13033174720468235,0.1375537427315135,0.11999999999999994,0.6,0.6282436927372296,0.5901499537550662,0.1807595965726826
42,adult,xgboost,coda_no_damping,6513.0,0.8522954091816367,0.7698931873052557,0.7312977099236642,0.610969387755102,0.6657400972897847,0.211697247706422,0.17974918718067812,0.8490860846237883,-0.03194806052574389,0.5706766917293233,0.8361344537815126,0.05412541254125412,0.09817232375979112,0.2654577620521893,0.044046911218537,0.2654577620521893,1.0,0.9212129341119664,0.06356517733763242,414.0,1.0174434180797856,0.0,0.5198833103024719,1.0,1.0171382089293415,0.5187993192016092,0.9285714285714286,-0.01719637647781358,0.5319915066699938,4824.0,0.0,4.28103859703544,5.0,1.754402853352604,0.7181233236815249,0.16876707751210224,0.25,0.1308168446604721,0.13913712167754458,0.11999999999999991,0.6,0.6495782534263899,0.5889695783867274,0.23999999355878743
42,adult,xgboost,coda_no_warmup,6513.0,0.8513741747274681,0.7699398098470935,0.726928895612708,0.6128826530612245,0.6650519031141868,0.21330275229357798,0.18207152810032512,0.8535826478681909,-0.03123122419325286,0.5721804511278196,0.8403361344537815,0.05577557755775578,0.10026109660574413,0.26815568332596196,0.04448551904798835,0.26815568332596196,1.0,0.9212129341119664,0.06295102103485337,410.0,1.0381670458242793,0.0,0.5080608014739751,1.0,1.038022161814981,0.5068853473619063,0.9166666666666666,-0.018117610931982164,0.5364880699143963,4851.0,2252.0,4.270895675270281,5.0,1.9802985473739532,0.709966061073785,0.18160013234749994,0.25,0.13041979829469427,0.13760713534612398,0.12000152000001882,0.6,0.6202522483034597,0.5870980374304593,0.1805896213838466
42,adult,xgboost,coda_no_ema,6513.0,0.852141870105942,0.7702276057035554,0.7300380228136882,0.6122448979591837,0.6659729448491155,0.2121559633027523,0.18114259173246633,0.8538180540038413,-0.03101337157028597,0.5714285714285714,0.8403361344537815,0.054455445544554455,0.09921671018276762,0.26890756302521013,0.044761264638213165,0.26890756302521013,1.0,0.9212129341119664,0.06341163826193766,413.0,1.0366691598582034,0.0,0.506218332565638,1.0,1.036512687685776,0.5050286244777967,0.9166666666666666,-0.01734991555350829,0.5367234760500468,4816.0,2216.0,4.261084968288918,5.0,1.754402853352604,0.709376042602932,0.18175409423763397,0.25,0.13051083347362494,0.1375040284386887,0.12,0.6,0.6376572148504083,0.5932344938858913,0.1887792630833236
42,adult,xgboost,coda_naive_init,6513.0,0.865806847842776,0.765071849012608,0.8166058394160584,0.5707908163265306,0.6719219219219219,0.1993119266055046,0.10543427775197399,0.5289913130018488,-0.0938776488535306,0.5488721804511278,0.6932773109243697,0.045874587458745876,0.03237597911227154,0.14440513047324188,-0.013498608346474338,0.14440513047324188,0.0,0.9212129341119664,0.04698295716259788,306.0,0.6333084180812502,0.0,0.2680792261630585,1.0,0.6373857735300495,0.2698437258239208,1.0,-0.0036849378166743385,0.21189673504805423,5540.0,1794.0,4.814700294182011,5.0,5.0,0.5401359741765872,0.22217232163308595,0.5,0.38,0.38154788750896274,0.12,0.5,0.6199999999999999,0.6147796384148222,0.11999999999999988
42,adult,xgboost,coda_no_overshoot,6513.0,0.852141870105942,0.7706631363364355,0.7293404094010614,0.6135204081632653,0.6664357464496017,0.21284403669724772,0.18160705991639572,0.8532400659865144,-0.031236976780851994,0.5729323308270676,0.8403361344537815,0.05478547854785479,0.09973890339425587,0.2674038036267139,0.04495342484640108,0.2674038036267139,1.0,0.9212129341119664,0.06310456011054813,411.0,1.034694212738775,0.0,0.5079072623982803,1.0,1.0345224616933828,0.5067306204548971,0.9166666666666666,-0.01734991555350829,0.5361454880327199,4829.0,2229.0,4.253923455469827,5.0,1.9802985473739532,0.7099342052501033,0.1810625358726491,0.25,0.13033174720468235,0.1375537427315135,0.11999999999999994,0.6,0.6282436927372296,0.5901499537550662,0.1807595965726826
42,compas,xgboost,base_model,2648.0,0.7061933534743202,0.7061632895217232,0.7034023668639053,0.7161144578313253,0.7097014925373135,0.667,0.41565533980582525,0.6231714239967395,-0.2513446601941748,0.8479427549194991,0.6202860858257477,0.4376417233560091,0.2366325369738339,-0.22765666909375137,-0.2010091863821752,0.22765666909375137,0.0,0.7761420682730924,0.0,0.0,0.6446708347324672,0.0,0.19977341389728095,1.0,0.6483223354665214,0.20284834488067743,0.7564102564102564,0.0,0.0,,,,,,,,,,,,,,,
42,compas,xgboost,group_threshold,2648.0,0.6948640483383686,0.6950278386272362,0.7199661590524534,0.6408132530120482,0.6780876494023904,0.497,0.41565533980582525,0.8363286515207752,-0.08134466019417474,0.669051878354204,0.6202860858257477,0.2789115646258503,0.2366325369738339,-0.04876579252845625,-0.04227902765201641,0.04876579252845625,1.0,0.7761420682730924,0.06419939577039276,170.0,0.8997789805866899,0.0,0.5290785498489426,1.0,0.9083401838968455,0.5384911470361817,0.6923076923076923,-0.01132930513595165,0.21315722752403565,,,,,,,,,,,,,,,
42,compas,xgboost,coda_full,2648.0,0.7020392749244713,0.7019669587440671,0.6940244780417567,0.7259036144578314,0.7096061832903938,0.532,0.5200242718446602,0.9774892327907145,-0.011975728155339871,0.7048300536672629,0.741222366710013,0.3129251700680272,0.3265073947667804,0.036392313042750035,0.013582224698753198,0.036392313042750035,1.0,0.7761420682730924,0.11669184290030211,309.0,1.0646276081363153,0.0,0.6910876132930514,1.0,1.0763614178273335,0.7036181678214011,0.7028985507246377,-0.00415407854984895,0.354317808793975,2056.0,493.0,0.9995707632689306,3.9945958150064387,0.49521114907397606,0.8161762265830885,0.13866950972224915,0.5,0.3832342223178074,0.42757034902809743,0.11999999999999972,0.6,0.5276902358837974,0.5769995206255912,0.1287339294346994
42,compas,xgboost,coda_no_damping,2648.0,0.7020392749244713,0.70186427528295,0.6822177146720757,0.759789156626506,0.7189169932312076,0.577,0.5473300970873787,0.9485790244148677,-0.029669902912621282,0.7495527728085868,0.7672301690507152,0.35827664399092973,0.35494880546075086,0.017677396242128385,-0.0033278385301788727,0.017677396242128385,1.0,0.7761420682730924,0.11593655589123868,307.0,1.0169778725421668,0.0,0.6869335347432024,1.0,1.0277507891415805,0.6993841416474211,0.7166666666666666,-0.00415407854984895,0.3254076004181282,2072.0,0.0,1.096556926466482,4.072467837439556,0.856664730773984,0.832608214657351,0.12461788299952777,0.5,0.38968781468188685,0.4058193329217938,0.12,0.6,0.4991123702863567,0.5505382449859517,0.12152059286953859
42,compas,xgboost,coda_no_warmup,2648.0,0.7016616314199395,0.7015858890105878,0.6932471264367817,0.7266566265060241,0.7095588235294118,0.534,0.5206310679611651,0.9749645467437548,-0.013368932038834935,0.7048300536672629,0.7425227568270482,0.31746031746031744,0.3265073947667804,0.037692703159785235,0.00904707730646298,0.037692703159785235,1.0,0.7761420682730924,0.1163141993957704,308.0,1.0597831336186925,0.0,0.6925981873111783,1.0,1.0714237086192253,0.7051578137028484,0.7028985507246377,-0.004531722054380682,0.35179312274701524,2094.0,501.0,0.9871279525166634,3.888749444327642,0.5517609632794047,0.8158417264448684,0.13568830643296312,0.5,0.3837947030725902,0.42763317287586505,0.12,0.6,0.5173369626252983,0.5752008535070028,0.12990374132331106
42,compas,xgboost,coda_no_ema,2648.0,0.7012839879154078,0.7012139466958744,0.6935832732516222,0.7243975903614458,0.7086556169429098,0.531,0.5194174757281553,0.978187336587863,-0.011582524271844696,0.7012522361359571,0.741222366710013,0.31519274376417233,0.3253697383390216,0.03997013057405585,0.010176994574849274,0.03997013057405585,1.0,0.7761420682730924,0.11669184290030211,309.0,1.0661996749225437,0.0,0.6986404833836858,1.0,1.0779637399404718,0.7113163972286374,0.7028985507246377,-0.004909365558912415,0.35501591259112353,2043.0,477.0,0.9636223446831658,3.793104314540659,0.5473003228834945,0.8175094288736695,0.13731265690297462,0.5,0.3834798493760675,0.4289130356642116,0.12,0.6,0.5152421902063569,0.5760070126605787,0.12796297119720268
42,compas,xgboost,coda_naive_init,2648.0,0.7009063444108762,0.7006503285870755,0.6729032258064516,0.7853915662650602,0.724808895066018,0.621,0.5637135922330098,0.9077513562528338,-0.05728640776699023,0.7871198568872988,0.7841352405721717,0.41043083900226757,0.3708759954493743,-0.002984616315127142,-0.03955484355289329,0.03955484355289329,1.0,0.7761420682730924,0.12613293051359517,334.0,0.9690274759987153,0.0,0.665785498489426,1.0,0.9785702249863256,0.6778290993071594,0.75,-0.005287009063444037,0.28457993225609424,2228.0,613.0,1.3263587829809538,5.0,2.130916989615797,0.8265794190687322,0.12030643172286642,0.5,0.38,0.3931789895068613,0.12,0.5,0.6199999999999249,0.5257037419123104,0.23999999936348182
42,compas,xgboost,coda_no_overshoot,2648.0,0.7020392749244713,0.7019669587440671,0.6940244780417567,0.7259036144578314,0.7096061832903938,0.532,0.5200242718446602,0.9774892327907145,-0.011975728155339871,0.7048300536672629,0.741222366710013,0.3129251700680272,0.3265073947667804,0.036392313042750035,0.013582224698753198,0.036392313042750035,1.0,0.7761420682730924,0.11669184290030211,309.0,1.0646276081363153,0.0,0.6910876132930514,1.0,1.0763614178273335,0.7036181678214011,0.7028985507246377,-0.00415407854984895,0.354317808793975,2056.0,493.0,0.9995707632689306,3.9945958150064387,0.49521114907397606,0.8161762265830885,0.13866950972224915,0.5,0.3832342223178074,0.42757034902809743,0.11999999999999972,0.6,0.5276902358837974,0.5769995206255912,0.1287339294346994
42,german_credit,xgboost,base_model,200.0,0.84,0.7904761904761904,0.8648648648648649,0.9142857142857143,0.888888888888889,0.75,0.71875,0.9583333333333334,-0.03125,0.9263157894736842,0.8888888888888888,0.34146341463414637,0.3157894736842105,-0.037426900584795364,-0.02567394094993586,0.037426900584795364,1.0,0.9078571428571429,0.0,0.0,1.0286463404628687,0.0,0.875,1.0,0.9383214916277193,0.8466666666666667,0.41818181818181815,0.0,0.0,,,,,,,,,,,,,,,
42,german_credit,xgboost,group_threshold,200.0,0.8,0.7952380952380953,0.8968253968253969,0.8071428571428572,0.8496240601503758,0.5882352941176471,0.71875,1.221875,0.13051470588235292,0.7684210526315789,0.8888888888888888,0.17073170731707318,0.3157894736842105,0.12046783625730995,0.14505776636713733,0.14505776636713733,1.0,0.9078571428571429,0.11,22.0,1.2760187426037024,0.0,0.99,1.0,1.211708721676782,1.0,0.6,-0.039999999999999925,0.2635416666666667,,,,,,,,,,,,,,,
42,german_credit,xgboost,coda_full,200.0,0.8,0.7952380952380953,0.8968253968253969,0.8071428571428572,0.8496240601503758,0.5882352941176471,0.71875,1.221875,0.13051470588235292,0.7684210526315789,0.8888888888888888,0.17073170731707318,0.3157894736842105,0.12046783625730995,0.14505776636713733,0.14505776636713733,1.0,0.9078571428571429,0.11,22.0,1.2760187426037024,0.0,0.99,1.0,1.211708721676782,1.0,0.6,-0.039999999999999925,0.2635416666666667,169.0,30.0,0.31598904441415643,0.6367988833774682,0.5875402406364144,0.7728591552800238,0.10255188465100902,0.5,0.5062909715577548,0.5019163915336784,0.006290971557754821,0.75,0.7290300948074829,0.7436120282210714,0.02096990519251707
42,german_credit,xgboost,coda_no_damping,200.0,0.795,0.786904761904762,0.889763779527559,0.8071428571428572,0.846441947565543,0.5955882352941176,0.71875,1.2067901234567902,0.12316176470588236,0.7684210526315789,0.8888888888888888,0.1951219512195122,0.3157894736842105,0.12046783625730995,0.1206675224646983,0.1206675224646983,1.0,0.9078571428571429,0.105,21.0,1.271228405647595,0.0,0.99,1.0,1.2053216057353056,1.0,0.6,-0.04499999999999993,0.24845679012345678,169.0,0.0,0.3142643085742612,0.6367988833774682,0.5412025478691127,0.775291928385786,0.10416658285813911,0.5,0.5073105474685264,0.502285647346661,0.0073105474685264404,0.75,0.7256315084382438,0.7423811755111296,0.024368491561756245
42,german_credit,xgboost,coda_no_warmup,200.0,0.795,0.786904761904762,0.889763779527559,0.8071428571428572,0.846441947565543,0.5955882352941176,0.71875,1.2067901234567902,0.12316176470588236,0.7684210526315789,0.8888888888888888,0.1951219512195122,0.3157894736842105,0.12046783625730995,0.1206675224646983,0.1206675224646983,1.0,0.9078571428571429,0.105,21.0,1.271228405647595,0.0,0.99,1.0,1.2053216057353056,1.0,0.6,-0.04499999999999993,0.24845679012345678,185.0,36.0,0.45923233190409135,0.8012323301999634,0.6770523023429958,0.775291928385786,0.10416658285813911,0.5,0.5092196685970063,0.5034555276143855,0.009219668597006292,0.75,0.7192677713433127,0.7384815746187143,0.030732228656687344
42,german_credit,xgboost,coda_no_ema,200.0,0.8,0.7952380952380953,0.8968253968253969,0.8071428571428572,0.8496240601503758,0.5882352941176471,0.71875,1.221875,0.13051470588235292,0.7684210526315789,0.8888888888888888,0.17073170731707318,0.3157894736842105,0.12046783625730995,0.14505776636713733,0.14505776636713733,1.0,0.9078571428571429,0.11,22.0,1.2760187426037024,0.0,0.99,1.0,1.211708721676782,1.0,0.6,-0.039999999999999925,0.2635416666666667,169.0,30.0,0.31598904441415643,0.6367988833774682,0.5875402406364144,0.7728591552800238,0.10255188465100902,0.5,0.5067799773927809,0.5021994852537773,0.0067799773927809115,0.75,0.7274000753573958,0.7426683824874081,0.022599924642604186
42,german_credit,xgboost,coda_naive_init,200.0,0.84,0.7904761904761904,0.8648648648648649,0.9142857142857143,0.888888888888889,0.75,0.71875,0.9583333333333334,-0.03125,0.9263157894736842,0.8888888888888888,0.34146341463414637,0.3157894736842105,-0.037426900584795364,-0.02567394094993586,0.037426900584795364,1.0,0.9078571428571429,0.0,0.0,1.0286463404628687,0.0,0.875,1.0,0.9383214916277193,0.8466666666666667,0.41818181818181815,0.0,0.0,22.0,0.0,0.00025338014198499434,0.005451219996477192,0.005451219996477192,0.9028891191688737,0.12879286486764607,0.5,0.4999905291101951,0.49999949866901183,9.470889804907845e-06,0.5,0.5000028412669417,0.5000001503992965,2.8412669417221537e-06
42,german_credit,xgboost,coda_no_overshoot,200.0,0.8,0.7952380952380953,0.8968253968253969,0.8071428571428572,0.8496240601503758,0.5882352941176471,0.71875,1.221875,0.13051470588235292,0.7684210526315789,0.8888888888888888,0.17073170731707318,0.3157894736842105,0.12046783625730995,0.14505776636713733,0.14505776636713733,1.0,0.9078571428571429,0.11,22.0,1.2760187426037024,0.0,0.99,1.0,1.211708721676782,1.0,0.6,-0.039999999999999925,0.2635416666666667,169.0,30.0,0.31598904441415643,0.6367988833774682,0.5875402406364144,0.7728591552800238,0.10255188465100902,0.5,0.5062909715577548,0.5019163915336784,0.006290971557754821,0.75,0.7290300948074829,0.7436120282210714,0.02096990519251707
42,bank_marketing,xgboost,base_model,2233.0,0.74205105239588,0.7361645819088605,0.7875894988066826,0.6238185255198487,0.6962025316455697,0.36672794117647056,0.3834061135371179,1.045478324632542,0.016678172360647336,0.6376237623762376,0.6112115732368897,0.1320754716981132,0.17060810810810811,-0.026412189139347952,0.03853263640999491,0.03853263640999491,1.0,0.7922551582673049,0.0,0.0,1.1184268004878404,0.0,0.7725033587102552,1.0,1.116707084063839,0.7732478240952817,0.6428571428571429,0.0,0.0,,,,,,,,,,,,,,,
42,bank_marketing,xgboost,group_threshold,2233.0,0.7366771159874608,0.7287053050717934,0.8133333333333334,0.5765595463137996,0.6747787610619468,0.33547794117647056,0.33624454148471616,1.002285099001017,0.0007666003082456019,0.6,0.5551537070524413,0.10634648370497427,0.13175675675675674,-0.04484629294755871,0.025410273051782478,0.04484629294755871,1.0,0.7922551582673049,0.03940886699507389,88.0,1.0985998333037827,0.0,0.7232422749664129,1.0,1.0964259948645716,0.722858451672011,0.6428571428571429,-0.005373936408419211,-0.043193225631525056,,,,,,,,,,,,,,,
42,bank_marketing,xgboost,coda_full,2233.0,0.7366771159874608,0.7312464304388047,0.7738927738927739,0.6275992438563327,0.6931106471816284,0.38235294117647056,0.3860262008733624,1.0096069868995634,0.003673259696891862,0.6455445544554456,0.6112115732368897,0.15437392795883362,0.17567567567567569,-0.03433298121855588,0.021301747716842068,0.03433298121855588,1.0,0.7922551582673049,0.05105239587998209,114.0,1.0924146699316797,0.0,0.703537841468876,1.0,1.0900991649012612,0.7027027027027027,0.6666666666666667,-0.005373936408419211,-0.03587133773297868,1745.0,438.0,2.0190545213958386,5.0,2.424402055142288,0.8100492498824847,0.11599708116632829,0.55,0.43000426869223785,0.5001635198615925,0.23999987538480339,0.55,0.5508125088363252,0.48139735923300564,0.23999999999999844
42,bank_marketing,xgboost,coda_no_damping,2233.0,0.7402597402597403,0.7355918433012911,0.7685393258426966,0.6465028355387523,0.702258726899384,0.3952205882352941,0.4017467248908297,1.016512643444704,0.006526136655535586,0.6594059405940594,0.6347197106690777,0.16638078902229847,0.18412162162162163,-0.024686229924981706,0.01774083259932316,0.024686229924981706,1.0,0.7922551582673049,0.05105239587998209,114.0,1.0832207127455264,0.0,0.7523510971786834,1.0,1.0806946269275186,0.7526339899221255,0.6666666666666667,-0.0017913121361397,-0.028965681187838044,1776.0,0.0,0.941411269584006,2.8098614764571033,2.082428976166463,0.8105094092358457,0.121282122276617,0.55,0.5734366027742717,0.4855334779007305,0.21719940239047852,0.55,0.45296854502031947,0.4630304306344948,0.16736965546324145
42,bank_marketing,xgboost,coda_no_warmup,2233.0,0.7366771159874608,0.7312464304388047,0.7738927738927739,0.6275992438563327,0.6931106471816284,0.38235294117647056,0.3860262008733624,1.0096069868995634,0.003673259696891862,0.6455445544554456,0.6112115732368897,0.15437392795883362,0.17567567567567569,-0.03433298121855588,0.021301747716842068,0.03433298121855588,1.0,0.7922551582673049,0.05105239587998209,114.0,1.0924146699316797,0.0,0.703537841468876,1.0,1.0900991649012612,0.7027027027027027,0.6666666666666667,-0.005373936408419211,-0.03587133773297868,1745.0,438.0,2.0190545213958386,5.0,2.424402055142288,0.8100492498824847,0.11599708116632829,0.55,0.43000426869223785,0.5001635198615925,0.23999987538480339,0.55,0.5508125088363252,0.48139735923300564,0.23999999999999844
42,bank_marketing,xgboost,coda_no_ema,2233.0,0.7357814599193909,0.7305365402405181,0.7702078521939953,0.6304347826086957,0.6933471933471934,0.3860294117647059,0.3895196506550218,1.0090413807444374,0.003490238890315911,0.6514851485148515,0.6112115732368897,0.15608919382504288,0.18243243243243243,-0.040273575277961826,0.026343238607389546,0.040273575277961826,1.0,0.7922551582673049,0.04926108374384237,110.0,1.0916502606974081,0.0,0.7124944021495746,1.0,1.0893172474389945,0.711864406779661,0.6666666666666667,-0.006269592476489061,-0.0364369438881047,1738.0,493.0,2.033100127973808,5.0,1.7090240968748345,0.8121761803470341,0.11910265012071002,0.55,0.5010769355294469,0.501428750748561,0.21300299323896377,0.55,0.4725778173128551,0.48074411082143004,0.24
42,bank_marketing,xgboost,coda_naive_init,2233.0,0.7317510076130765,0.729153762619153,0.7344228804902962,0.6795841209829868,0.7059401080019637,0.4264705882352941,0.4497816593886463,1.054660442704412,0.02331107115335218,0.6871287128712872,0.6726943942133815,0.2006861063464837,0.24155405405405406,-0.014434318657905676,0.04086794770757035,0.04086794770757035,1.0,0.7922551582673049,0.06583072100313479,147.0,1.1355218046701017,0.0,0.8056426332288401,1.0,1.134193636669881,0.8071461291800275,0.6428571428571429,-0.010300044782803441,0.00918211807186986,1729.0,489.0,0.8194906703849909,2.473284900713318,0.909939609124434,0.8209231790063449,0.12062111076805178,0.5,0.3971350881902256,0.4448410506234555,0.13282679187914687,0.5,0.3800000001091126,0.4339824589316859,0.11999999989088739
42,bank_marketing,xgboost,coda_no_overshoot,2233.0,0.7389162561576355,0.7331388006274384,0.7817319098457889,0.6228733459357277,0.6933193056286165,0.36764705882352944,0.3868995633187773,1.0523668122270742,0.019252504495247846,0.6376237623762376,0.6094032549728752,0.13379073756432247,0.17905405405405406,-0.02822050740336246,0.045263316489731587,0.045263316489731587,1.0,0.7922551582673049,0.03358710255261979,75.0,1.1462836566899697,0.0,0.781012091356919,1.0,1.145201980948564,0.7819514429683921,0.6428571428571429,-0.0031347962382445305,0.006888487594532089,1749.0,438.0,0.9867394478620362,2.7870870794563074,1.7108831436713348,0.8009011372785637,0.12913481514485156,0.55,0.47008150685488675,0.4959940875979495,0.13658015291174785,0.55,0.43005153543301433,0.49526487839691213,0.11999914289862401
42,recruitment,xgboost,base_model,24240.0,0.9879125412541254,0.9806712388527103,0.9870703764320785,0.965732586068855,0.9762849048968029,0.2602068590092542,0.2395222129086337,0.9205069144626781,-0.020684646100620513,0.9566859733064719,0.9815303430079155,0.002331002331002331,0.007427785419532325,0.024844369701443658,0.005096783088529994,0.024844369701443658,1.0,0.9994739842999714,0.0,0.0,1.035502909721079,0.0,0.6020627062706271,1.0,1.034959216851043,0.6016122364613476,1.0,0.0,0.0,,,,,,,,,,,,,,,
42,recruitment,xgboost,group_threshold,24240.0,0.9891501650165017,0.9850597454901959,0.9811776061776062,0.9766212970376301,0.9788941497472113,0.2674197060424605,0.2395222129086337,0.8956789925967636,-0.027897493133826806,0.9738101233946109,0.9815303430079155,0.005874125874125874,0.007427785419532325,0.007720219613304602,0.0015536595454064507,0.007720219613304602,1.0,0.9994739842999714,0.004372937293729373,106.0,1.0037999700200884,0.0,0.5832920792079208,1.0,1.0031907481304143,0.5828028110789583,1.0,0.0012376237623762387,-0.024827921865914426,,,,,,,,,,,,,,,
42,recruitment,xgboost,coda_full,24240.0,0.9841171617161716,0.9819313077580709,0.9615626969124134,0.97742193755004,0.9694274596998332,0.27020958083832336,0.24905699916177704,0.9217178694740558,-0.021152581676546323,0.9697809116091665,0.9907651715039578,0.011188811188811189,0.017056396148555707,0.020984259894791357,0.005867584959744519,0.020984259894791357,1.0,0.9994739842999714,0.013366336633663366,324.0,1.0334827237659998,0.0,0.6043729372937293,1.0,1.0329348552325595,0.6039272426622572,1.0,-0.0037953795379538358,0.0012109550113776901,17724.0,3658.0,3.643320506211456,5.0,5.0,0.7767236800717245,0.15033618000293417,0.5,0.38208452949224136,0.4235014578740177,0.2399999997927501,0.45,0.4286187074403721,0.44184144425310934,0.23999999999999955
42,recruitment,xgboost,coda_no_damping,24240.0,0.9840346534653466,0.9825553579846372,0.9593789209535759,0.9795036028823059,0.9693368195864037,0.2713663581927055,0.25020955574182735,0.9220360158430028,-0.021156802450878143,0.9717955175018886,0.9929639401934917,0.012027972027972029,0.017881705639614855,0.021168422691603017,0.0058537336116428265,0.021168422691603017,1.0,0.9994739842999714,0.013283828382838285,322.0,1.0321001705242148,0.0,0.6071782178217822,1.0,1.031549444294946,0.6067383216205043,1.0,-0.0038778877887788443,0.0015291013803246933,17563.0,0.0,3.7424287353741734,5.0,5.0,0.779600295492008,0.1493426321741976,0.5,0.38010051591023863,0.4139231670096537,0.239999999999082,0.45,0.4604453898882151,0.4333722452804948,0.23999999999999977
42,recruitment,xgboost,coda_no_warmup,24240.0,0.9841171617161716,0.9819313077580709,0.9615626969124134,0.97742193755004,0.9694274596998332,0.27020958083832336,0.24905699916177704,0.9217178694740558,-0.021152581676546323,0.9697809116091665,0.9907651715039578,0.011188811188811189,0.017056396148555707,0.020984259894791357,0.005867584959744519,0.020984259894791357,1.0,0.9994739842999714,0.013366336633663366,324.0,1.0334827237659998,0.0,0.6043729372937293,1.0,1.0329348552325595,0.6039272426622572,1.0,-0.0037953795379538358,0.0012109550113776901,17724.0,3658.0,3.643320506211456,5.0,5.0,0.7767236800717245,0.15033618000293417,0.5,0.38208452949224136,0.4235014578740177,0.2399999997927501,0.45,0.4286187074403721,0.44184144425310934,0.23999999999999955
42,recruitment,xgboost,coda_no_ema,24240.0,0.9843234323432343,0.9821747923484662,0.9620293051835512,0.977742193755004,0.9698221092757306,0.27020958083832336,0.24895222129086336,0.9213301042786523,-0.021257359547459997,0.970284563082347,0.9907651715039578,0.011002331002331002,0.016918844566712516,0.020480608421610813,0.005916513564381514,0.020480608421610813,1.0,0.9994739842999714,0.013242574257425742,321.0,1.0317223870095826,0.0,0.6046204620462046,1.0,1.0311708799131896,0.604175279040926,1.0,-0.003589108910891148,0.0008231898159741791,17632.0,3392.0,3.612411544366073,5.0,5.0,0.7790312610267227,0.14941233878547608,0.5,0.38,0.4234858447527784,0.24,0.45,0.44239533987619273,0.4415808544330593,0.24000000000000005
42,recruitment,xgboost,coda_naive_init,24240.0,0.9856023102310231,0.9845522208263972,0.9625039221838719,0.9823859087269816,0.9723432918614787,0.2696652150244965,0.2526194467728416,0.9367891470536663,-0.01704576825165488,0.9745656006043818,0.996042216358839,0.008671328671328672,0.020082530949105913,0.02147661575445725,0.011411202277777241,0.02147661575445725,1.0,0.9994739842999714,0.011716171617161717,284.0,1.0467160310386272,0.0,0.6173679867986799,1.0,1.0461955153519678,0.6169491525423729,1.0,-0.0023102310231023493,0.016282232590988266,17972.0,3063.0,3.6699661637609475,5.0,4.14594596989031,0.7770738501935226,0.1475931333275424,0.5,0.3800084024553544,0.39598004181368496,0.1374925971277739,0.5,0.47420457921425613,0.44566520745056026,0.2399999999999996
42,recruitment,xgboost,coda_no_overshoot,24240.0,0.9841171617161716,0.9819313077580709,0.9615626969124134,0.97742193755004,0.9694274596998332,0.27020958083832336,0.24905699916177704,0.9217178694740558,-0.021152581676546323,0.9697809116091665,0.9907651715039578,0.011188811188811189,0.017056396148555707,0.020984259894791357,0.005867584959744519,0.020984259894791357,1.0,0.9994739842999714,0.013366336633663366,324.0,1.0334827237659998,0.0,0.6043729372937293,1.0,1.0329348552325595,0.6039272426622572,1.0,-0.0037953795379538358,0.0012109550113776901,17724.0,3658.0,3.643320506211456,5.0,5.0,0.7767236800717245,0.15033618000293417,0.5,0.38208452949224136,0.4235014578740177,0.2399999997927501,0.45,0.4286187074403721,0.44184144425310934,0.23999999999999955
52,adult,xgboost,base_model,6513.0,0.8756333486872409,0.8031190029095561,0.7866868381240545,0.6632653061224489,0.7197231833910035,0.2639489865634252,0.0768143261074458,0.2910195909730755,-0.18713466045597937,0.6740088105726872,0.5922330097087378,0.07956421261142291,0.02139874739039666,-0.08177580086394942,-0.05816546522102625,0.08177580086394942,0.0,0.9298497116237799,0.0,0.0,0.3068987124959026,0.0,0.05404575464455704,1.0,0.3092729869233814,0.054463871267213367,1.0,0.0,0.0,,,,,,,,,,,,,,,
52,adult,xgboost,group_threshold,6513.0,0.8549055734684478,0.7750963403561627,0.7350943396226415,0.6211734693877551,0.6733494642239889,0.21293554998861308,0.18378887841658811,0.8631197487991854,-0.029146671572024968,0.5851688693098385,0.8592233009708737,0.045559590623968305,0.11116910229645094,0.27405443166103527,0.06560951167248263,0.27405443166103527,1.0,0.9298497116237799,0.06924612313833871,451.0,0.9487862875110263,0.0,0.512052817442039,1.0,0.9541669568263988,0.5160142348754448,0.9333333333333333,-0.0207277752187931,0.5721001578261099,,,,,,,,,,,,,,,
52,adult,xgboost,coda_full,6513.0,0.8367879625364655,0.7764487809785188,0.6613418530351438,0.6600765306122449,0.6607085860197893,0.2366203598269187,0.2478793590951932,1.0475825464744883,0.011258999268274505,0.6248164464023495,0.8932038834951457,0.06206668867613074,0.17849686847599164,0.2683874370927962,0.1164301797998609,0.2683874370927962,1.0,0.9298497116237799,0.07723015507446646,503.0,1.1468319150360864,0.0,0.6419468754798097,1.0,1.1537447337211404,0.6469131982051679,0.9375,-0.038845386150775374,0.7565629555014128,4798.0,2832.0,4.226978419949082,5.0,5.0,0.7755324924024675,0.14566405165218096,0.15,0.20683325067295508,0.09826819521795786,0.21999999999968403,0.6,0.48000000000000004,0.5485879767006903,0.23999999999999994
52,adult,xgboost,coda_no_damping,6513.0,0.8389375095961922,0.7811308320092445,0.6641366223908919,0.6696428571428571,0.6668783740870117,0.24185834661808245,0.24458058435438265,1.0112555046140246,0.0027222377363002037,0.6358296622613803,0.8932038834951457,0.06470782436447672,0.17484342379958245,0.2573742212337654,0.11013559943510573,0.2573742212337654,1.0,0.9298497116237799,0.07415937356057116,483.0,1.1261859808669077,0.0,0.6098572086596039,1.0,1.1329390754751465,0.61457527464026,1.0,-0.036695839091048676,0.7202359136409491,4696.0,0.0,1.9845029216802172,4.502676162081798,0.7630500116119788,0.7694853500470462,0.1555230028140267,0.15,0.1235621691904563,0.10505179917281685,0.21999871071243213,0.6,0.4800000453824774,0.536229731510029,0.23986988208008142
52,adult,xgboost,coda_no_warmup,6513.0,0.8367879625364655,0.7764487809785188,0.6613418530351438,0.6600765306122449,0.6607085860197893,0.2366203598269187,0.2478793590951932,1.0475825464744883,0.011258999268274505,0.6248164464023495,0.8932038834951457,0.06206668867613074,0.17849686847599164,0.2683874370927962,0.1164301797998609,0.2683874370927962,1.0,0.9298497116237799,0.07723015507446646,503.0,1.1468319150360864,0.0,0.6419468754798097,1.0,1.1537447337211404,0.6469131982051679,0.9375,-0.038845386150775374,0.7565629555014128,4798.0,2832.0,4.226978419949082,5.0,5.0,0.7755324924024675,0.14566405165218096,0.15,0.20683325067295508,0.09826819521795786,0.21999999999968403,0.6,0.48000000000000004,0.5485879767006903,0.23999999999999994
52,adult,xgboost,coda_no_ema,6513.0,0.8352525717795178,0.7765264852149151,0.6561514195583596,0.6632653061224489,0.6596891849032667,0.23935322250056934,0.25164938737040526,1.0513724642658893,0.012296164869835924,0.6270190895741556,0.9029126213592233,0.06503796632551997,0.18162839248434237,0.2758935317850677,0.1165904261588224,0.2758935317850677,1.0,0.9298497116237799,0.07692307692307693,501.0,1.1543880355971483,0.0,0.645631813296484,1.0,1.1613593110403726,0.650626643973387,1.0,-0.040380776907723015,0.7603528732928138,4789.0,2837.0,4.124004037776569,5.0,5.0,0.7771348540853011,0.14617355922443517,0.15,0.19618600193911517,0.09522418090636044,0.22000000000000003,0.6,0.48,0.5458526529072002,0.24
52,adult,xgboost,coda_naive_init,6513.0,0.869031168432366,0.7708972163182766,0.8223624887285843,0.5816326530612245,0.6813597310422114,0.20268731496242315,0.10320452403393025,0.5091809719471773,-0.0994827909284929,0.5638766519823789,0.6990291262135923,0.04027731924727633,0.03914405010438413,0.13515247423121335,-0.0011332691428921973,0.13515247423121335,0.0,0.9298497116237799,0.0499001996007984,325.0,0.5537680357548441,0.0,0.2452019038845386,1.0,0.5580521765234875,0.24709887049357884,0.9230769230769231,-0.006602180254874801,0.21816138097410176,5749.0,1847.0,4.84394875619662,5.0,3.9982429741785896,0.5214212543338763,0.21385539406538598,0.5,0.38000000000000067,0.3811087818449534,0.11999999999999933,0.5,0.6199999999999992,0.6172588664475008,0.11999999999999922
52,adult,xgboost,coda_no_overshoot,6513.0,0.8363273453093812,0.7765809749076578,0.6596692111959288,0.6613520408163265,0.6605095541401274,0.23912548394443178,0.24599434495758718,1.0287249225797765,0.006868861013155397,0.6255506607929515,0.8980582524271845,0.06536810828656323,0.17588726513569938,0.272507591634233,0.11051915684913616,0.272507591634233,1.0,0.9298497116237799,0.07584830339321358,494.0,1.135705350029626,0.0,0.6333486872409028,1.0,1.1425320897652258,0.6382484914126567,0.9375,-0.03930600337785961,0.737705331606701,4663.0,2799.0,3.187439811030902,5.0,4.168703938111963,0.7658390499524489,0.16095572375283976,0.15,0.2698523272165339,0.09552450878075439,0.21985232708512106,0.6,0.480000550652682,0.5430199682488093,0.23900330149432286
52,compas,xgboost,base_model,2648.0,0.7077039274924471,0.7076601861993428,0.7030791788856305,0.7221385542168675,0.712481426448737,0.6700302724520686,0.4224502112251056,0.6304942158495176,-0.24758006122696297,0.8318890814558059,0.6378162450066578,0.4444444444444444,0.24392935982339956,-0.19407283644914808,-0.20051508462104486,0.20051508462104486,0.0,0.7840404230558599,0.0,0.0,0.6545404525697287,0.0,0.18277945619335348,1.0,0.6551303937193476,0.1855273287143957,0.9444444444444444,0.0,0.0,,,,,,,,,,,,,,,
52,compas,xgboost,group_threshold,2648.0,0.6907099697885196,0.6904321832785688,0.6622052262587635,0.7823795180722891,0.7172937521574042,0.6004036326942482,0.587809293904647,0.9790235466546305,-0.012594338789601256,0.7694974003466204,0.7922769640479361,0.3647342995169082,0.41832229580573954,0.02277956370131573,0.05358799628883132,0.05358799628883132,1.0,0.7840404230558599,0.12953172205438065,343.0,1.0130652090319419,0.0,0.7926737160120846,1.0,1.0158684982241817,0.7925327174749808,0.75,-0.01699395770392753,0.34852933080511295,,,,,,,,,,,,,,,
52,compas,xgboost,coda_full,2648.0,0.6903323262839879,0.689998630887185,0.6569839307787392,0.8004518072289156,0.7216564833672777,0.6135216952573158,0.6095353047676524,0.9935024457643808,-0.003986390489663427,0.7833622183708839,0.8135818908122503,0.37681159420289856,0.44039735099337746,0.030219672441366363,0.0635857567904789,0.0635857567904789,1.0,0.7840404230558599,0.13821752265861026,366.0,1.0311979577212589,0.0,0.8100453172205438,1.0,1.0343502220614842,0.8102386451116244,0.75,-0.017371601208459264,0.36300822991486326,1805.0,651.0,0.1491720163558859,0.8925341686065417,0.8925341686065417,0.8775209850014746,0.08226299903741621,0.4,0.359707776565622,0.3889080240254586,0.04030467272009636,0.55,0.5317315006408165,0.540944757435521,0.025666954909807305
52,compas,xgboost,coda_no_damping,2648.0,0.6903323262839879,0.6899780941949617,0.6552567237163814,0.8072289156626506,0.7233468286099866,0.6236125126135217,0.6143633071816536,0.9851683453349817,-0.009249205431868135,0.7920277296360485,0.8189081225033289,0.3888888888888889,0.4448123620309051,0.02688039286728039,0.05592347314201618,0.05592347314201618,1.0,0.7840404230558599,0.13746223564954682,364.0,1.0198510280585875,0.0,0.7866314199395771,1.0,1.0227849142297856,0.7863741339491916,0.75,-0.017371601208459264,0.35467412948546406,1604.0,0.0,0.13342359392596112,1.0269454682722987,1.0269454682722987,0.8828239666619184,0.08638699183340934,0.4,0.3394941235806557,0.38707176221576195,0.06050603808435823,0.55,0.5247165019226476,0.5345714365695703,0.03931483311510131
52,compas,xgboost,coda_no_warmup,2648.0,0.6899546827794562,0.6896198430083972,0.6565781346510191,0.8004518072289156,0.7214116050220561,0.6145307769929365,0.6095353047676524,0.9918710788583637,-0.00499547222528407,0.7833622183708839,0.8135818908122503,0.37922705314009664,0.44039735099337746,0.030219672441366363,0.06117029785328082,0.06117029785328082,1.0,0.7840404230558599,0.13783987915407855,365.0,1.030552579375541,0.0,0.804380664652568,1.0,1.033692423039367,0.8044649730561971,0.75,-0.017749244712990997,0.3613768630088461,1786.0,648.0,0.15640311630795936,0.8925341686065417,0.8925341686065417,0.8773104338657141,0.08358175769562691,0.4,0.3583722004813452,0.3891108985670966,0.041640684013262264,0.55,0.5292436824839838,0.5394777735716031,0.028634720493998733
52,compas,xgboost,coda_no_ema,2648.0,0.6899546827794562,0.6896198430083972,0.6565781346510191,0.8004518072289156,0.7214116050220561,0.6145307769929365,0.6095353047676524,0.9918710788583637,-0.00499547222528407,0.7833622183708839,0.8135818908122503,0.37922705314009664,0.44039735099337746,0.030219672441366363,0.06117029785328082,0.06117029785328082,1.0,0.7840404230558599,0.13783987915407855,365.0,1.030552579375541,0.0,0.804380664652568,1.0,1.033692423039367,0.8044649730561971,0.75,-0.017749244712990997,0.3613768630088461,1788.0,650.0,0.15640377718414847,0.8925341686065417,0.8925341686065417,0.8773104338657141,0.08358175769562691,0.4,0.3571556650019372,0.38904803007249206,0.042857237421266514,0.55,0.5296086021204499,0.5394463750250507,0.02863473005887207
52,compas,xgboost,coda_naive_init,2648.0,0.6963746223564955,0.6959839357429719,0.657074340527578,0.8253012048192772,0.7316421895861149,0.6508577194752775,0.6173808086904043,0.9485649324220011,-0.03347691078487314,0.8180242634315424,0.8308921438082557,0.4178743961352657,0.44039735099337746,0.01286788037671327,0.022522954858111732,0.022522954858111732,1.0,0.7840404230558599,0.12915407854984895,342.0,0.9816038342679965,0.0,0.7216767371601208,1.0,0.9884882977751647,0.7347959969207082,0.736842105263158,-0.01132930513595165,0.31807071657248354,1547.0,494.0,0.2608618844444873,1.532232123458998,1.166011551941926,0.8731676194493591,0.1072698632401523,0.5,0.38,0.385188511025798,0.12,0.5,0.5706021579738721,0.510424472283564,0.11279853356711256
52,compas,xgboost,coda_no_overshoot,2648.0,0.6903323262839879,0.689998630887185,0.6569839307787392,0.8004518072289156,0.7216564833672777,0.6135216952573158,0.6095353047676524,0.9935024457643808,-0.003986390489663427,0.7833622183708839,0.8135818908122503,0.37681159420289856,0.44039735099337746,0.030219672441366363,0.0635857567904789,0.0635857567904789,1.0,0.7840404230558599,0.13821752265861026,366.0,1.0311979577212589,0.0,0.8100453172205438,1.0,1.0343502220614842,0.8102386451116244,0.75,-0.017371601208459264,0.36300822991486326,1805.0,651.0,0.1491720163558859,0.8925341686065417,0.8925341686065417,0.8775209850014746,0.08226299903741621,0.4,0.359707776565622,0.3889080240254586,0.04030467272009636,0.55,0.5317315006408165,0.540944757435521,0.025666954909807305
52,german_credit,xgboost,base_model,200.0,0.79,0.7357142857142858,0.8356164383561644,0.8714285714285714,0.8531468531468531,0.7445255474452555,0.6984126984126984,0.9380641145347027,-0.04611284903255708,0.8571428571428571,0.9047619047619048,0.46153846153846156,0.2857142857142857,0.04761904761904767,-0.17582417582417587,0.17582417582417587,1.0,0.8484523809523808,0.0,0.0,0.9716639858045677,0.0,0.795,1.0,0.9219722782041824,0.7533333333333333,0.5,0.0,0.0,,,,,,,,,,,,,,,
52,german_credit,xgboost,group_threshold,200.0,0.775,0.6964285714285714,0.8064516129032258,0.8928571428571429,0.8474576271186439,0.7883211678832117,0.746031746031746,0.9463550852439742,-0.04228942185146567,0.8775510204081632,0.9285714285714286,0.5641025641025641,0.38095238095238093,0.05102040816326536,-0.18315018315018317,0.18315018315018317,1.0,0.8484523809523808,0.045,9.0,0.946868848531132,0.0,0.82,1.0,0.9246540189928812,0.7866666666666666,0.5,-0.015000000000000013,0.008290970709271428,,,,,,,,,,,,,,,
52,german_credit,xgboost,coda_full,200.0,0.775,0.6964285714285714,0.8064516129032258,0.8928571428571429,0.8474576271186439,0.7883211678832117,0.746031746031746,0.9463550852439742,-0.04228942185146567,0.8775510204081632,0.9285714285714286,0.5641025641025641,0.38095238095238093,0.05102040816326536,-0.18315018315018317,0.18315018315018317,1.0,0.8484523809523808,0.045,9.0,0.946868848531132,0.0,0.82,1.0,0.9246540189928812,0.7866666666666666,0.5,-0.015000000000000013,0.008290970709271428,30.0,28.0,0.0019711659604639865,0.024105026864303405,0.0,0.8932675201607961,0.15316438149018632,0.3,0.3000073226935205,0.3000046105587269,9.0077233662611e-06,0.35,0.3499693181060509,0.3499798031111348,3.116903591587894e-05
52,german_credit,xgboost,coda_no_damping,200.0,0.775,0.6964285714285714,0.8064516129032258,0.8928571428571429,0.8474576271186439,0.7883211678832117,0.746031746031746,0.9463550852439742,-0.04228942185146567,0.8775510204081632,0.9285714285714286,0.5641025641025641,0.38095238095238093,0.05102040816326536,-0.18315018315018317,0.18315018315018317,1.0,0.8484523809523808,0.045,9.0,0.946868848531132,0.0,0.82,1.0,0.9246540189928812,0.7866666666666666,0.5,-0.015000000000000013,0.008290970709271428,30.0,0.0,0.0019711659604639865,0.024105026864303405,0.0,0.8932675201607961,0.15316438149018632,0.3,0.3000342367423011,0.30002348804249906,3.5180011116908716e-05,0.35,0.34988290986053056,0.349919731656664,0.00011737265738243075
52,german_credit,xgboost,coda_no_warmup,200.0,0.775,0.6964285714285714,0.8064516129032258,0.8928571428571429,0.8474576271186439,0.7883211678832117,0.746031746031746,0.9463550852439742,-0.04228942185146567,0.8775510204081632,0.9285714285714286,0.5641025641025641,0.38095238095238093,0.05102040816326536,-0.18315018315018317,0.18315018315018317,1.0,0.8484523809523808,0.045,9.0,0.946868848531132,0.0,0.82,1.0,0.9246540189928812,0.7866666666666666,0.5,-0.015000000000000013,0.008290970709271428,42.0,28.0,0.0022865189035256753,0.024105026864303405,0.0,0.8932675201607961,0.15316438149018632,0.3,0.3000246929658274,0.30001928045363446,2.4751667197453475e-05,0.35,0.34991141719835983,0.3499309034614431,8.859967454327711e-05
52,german_credit,xgboost,coda_no_ema,200.0,0.775,0.6964285714285714,0.8064516129032258,0.8928571428571429,0.8474576271186439,0.7883211678832117,0.746031746031746,0.9463550852439742,-0.04228942185146567,0.8775510204081632,0.9285714285714286,0.5641025641025641,0.38095238095238093,0.05102040816326536,-0.18315018315018317,0.18315018315018317,1.0,0.8484523809523808,0.045,9.0,0.946868848531132,0.0,0.82,1.0,0.9246540189928812,0.7866666666666666,0.5,-0.015000000000000013,0.008290970709271428,30.0,28.0,0.0019711659604639865,0.024105026864303405,0.0,0.8932675201607961,0.15316438149018632,0.3,0.30000732163901567,0.30000494007993533,9.390691585009492e-06,0.35,0.3499693184104874,0.34997842242590677,3.130230528336497e-05
52,german_credit,xgboost,coda_naive_init,200.0,0.79,0.7357142857142858,0.8356164383561644,0.8714285714285714,0.8531468531468531,0.7445255474452555,0.6984126984126984,0.9380641145347027,-0.04611284903255708,0.8571428571428571,0.9047619047619048,0.46153846153846156,0.2857142857142857,0.04761904761904767,-0.17582417582417587,0.17582417582417587,1.0,0.8484523809523808,0.0,0.0,0.9716639858045677,0.0,0.795,1.0,0.9219722782041824,0.7533333333333333,0.5,0.0,0.0,86.0,82.0,0.038361953274698074,0.2624266946147435,0.0,0.8688435614726728,0.16438048385120368,0.5,0.5001256029965558,0.5001639970851484,0.000300106240948228,0.5,0.49905085366242496,0.4993391508692621,0.0010014959370995835
52,german_credit,xgboost,coda_no_overshoot,200.0,0.775,0.6964285714285714,0.8064516129032258,0.8928571428571429,0.8474576271186439,0.7883211678832117,0.746031746031746,0.9463550852439742,-0.04228942185146567,0.8775510204081632,0.9285714285714286,0.5641025641025641,0.38095238095238093,0.05102040816326536,-0.18315018315018317,0.18315018315018317,1.0,0.8484523809523808,0.045,9.0,0.946868848531132,0.0,0.82,1.0,0.9246540189928812,0.7866666666666666,0.5,-0.015000000000000013,0.008290970709271428,30.0,28.0,0.0019711659604639865,0.024105026864303405,0.0,0.8932675201607961,0.15316438149018632,0.3,0.30000274601007015,0.30000172895952254,3.3778962622021957e-06,0.35,0.3499884942897691,0.34999242616667575,1.1688388468267252e-05
52,bank_marketing,xgboost,base_model,2233.0,0.7357814599193909,0.7299718457145156,0.7779097387173397,0.6190926275992439,0.6894736842105263,0.3380414312617702,0.41246797608881297,1.2201698902682991,0.07442654482704275,0.5925155925155925,0.6412478336221837,0.12736660929432014,0.19023569023569023,0.048732241106591245,0.06286908094137009,0.06286908094137009,1.0,0.7896520934722279,0.0,0.0,1.3383164874045144,0.0,0.877295118674429,1.0,1.33596483468858,0.874942739349519,0.6666666666666667,0.0,0.0,,,,,,,,,,,,,,,
52,bank_marketing,xgboost,group_threshold,2233.0,0.7380206000895656,0.7352053251819973,0.7440660474716202,0.6814744801512287,0.7113961519486927,0.3851224105461394,0.47822374039282667,1.241744773342743,0.09310132984668729,0.6486486486486487,0.708838821490468,0.16695352839931152,0.2542087542087542,0.06019017284181927,0.0872552258094427,0.0872552258094427,1.0,0.7896520934722279,0.05687416032243618,127.0,1.3558647566259734,0.0,0.9359605911330049,1.0,1.3565092633425708,0.9349519010535959,0.5535714285714286,0.0022391401701746805,0.021574883074443774,,,,,,,,,,,,,,,
52,bank_marketing,xgboost,coda_full,2233.0,0.7178683385579937,0.7186445722559627,0.6903914590747331,0.7334593572778828,0.7112740604949587,0.4971751412429379,0.5089666951323655,1.023717102709417,0.011791553889427597,0.7318087318087318,0.7348353552859619,0.3029259896729776,0.2895622895622896,0.0030266234772300393,-0.013363700110688048,0.013363700110688048,1.0,0.7896520934722279,0.12628750559785043,282.0,1.0865929872615687,0.0,0.7563815494849978,1.0,1.0810700233101767,0.7512597343105818,0.6428571428571429,-0.017913121361397222,-0.19645278755888218,1696.0,851.0,0.4816261721953725,1.9234661298972828,0.9693604088789509,0.8359099140267351,0.11798456751535377,0.45,0.34869251234224463,0.4241360542099823,0.1422031163229825,0.45,0.33128058200611854,0.3718264842223164,0.12
52,bank_marketing,xgboost,coda_no_damping,2233.0,0.7241379310344828,0.7243667296786389,0.7009090909090909,0.7287334593572778,0.7145505097312326,0.4839924670433145,0.5004269854824936,1.0339561451019617,0.016434518439179147,0.7297297297297297,0.7279029462738301,0.28055077452667815,0.27946127946127947,-0.0018267834558995943,-0.0010894950653986823,0.0018267834558995943,1.0,0.7896520934722279,0.11553963278101209,258.0,1.0989654507604356,0.0,0.7859381997313032,1.0,1.0937258689322424,0.7814933577645442,0.6428571428571429,-0.01164352888490816,-0.18621374516633749,1634.0,0.0,0.8383809622623103,3.4945404829380853,1.751344566099473,0.8438107041412451,0.11585387041068869,0.45,0.3898440361526892,0.4310694485907655,0.13870321524189605,0.45,0.33328683900287925,0.3786713967964796,0.11999999999999961
52,bank_marketing,xgboost,coda_no_warmup,2233.0,0.7178683385579937,0.7186445722559627,0.6903914590747331,0.7334593572778828,0.7112740604949587,0.4971751412429379,0.5089666951323655,1.023717102709417,0.011791553889427597,0.7318087318087318,0.7348353552859619,0.3029259896729776,0.2895622895622896,0.0030266234772300393,-0.013363700110688048,0.013363700110688048,1.0,0.7896520934722279,0.12628750559785043,282.0,1.0865929872615687,0.0,0.7563815494849978,1.0,1.0810700233101767,0.7512597343105818,0.6428571428571429,-0.017913121361397222,-0.19645278755888218,1707.0,851.0,0.48169090415399063,1.9234661298972828,0.9693604088789509,0.8359099140267351,0.11798456751535377,0.45,0.34869251234224463,0.42415987079743744,0.14223149238212623,0.45,0.33128058200611854,0.37175671585441705,0.12
52,bank_marketing,xgboost,coda_no_ema,2233.0,0.7178683385579937,0.7186445722559627,0.6903914590747331,0.7334593572778828,0.7112740604949587,0.4971751412429379,0.5089666951323655,1.023717102709417,0.011791553889427597,0.7318087318087318,0.7348353552859619,0.3029259896729776,0.2895622895622896,0.0030266234772300393,-0.013363700110688048,0.013363700110688048,1.0,0.7896520934722279,0.12628750559785043,282.0,1.0865929872615687,0.0,0.7563815494849978,1.0,1.0810700233101767,0.7512597343105818,0.6428571428571429,-0.017913121361397222,-0.19645278755888218,1696.0,851.0,0.4816261721953725,1.9234661298972828,0.9693604088789509,0.8359099140267351,0.11798456751535377,0.45,0.347965919898245,0.42405179873435367,0.14222224611634665,0.45,0.3314985597393395,0.3717277475814156,0.12
52,bank_marketing,xgboost,coda_naive_init,2233.0,0.7339901477832512,0.7320814061054579,0.7301587301587301,0.6956521739130435,0.712487899322362,0.4378531073446328,0.4637062339880444,1.0590452053662434,0.025853126643411606,0.6902286902286903,0.7001733102253033,0.2289156626506024,0.234006734006734,0.009944619996613002,0.005091071356131599,0.009944619996613002,1.0,0.7896520934722279,0.07792207792207792,174.0,1.137668443682364,0.0,0.7671294223018361,1.0,1.1307210959659222,0.7622537792029317,0.6363636363636364,-0.0017913121361397,-0.16112468490205578,1711.0,677.0,0.6426392786690619,2.1523351206959034,1.739893551618522,0.8219669972637352,0.12390971249121861,0.5,0.4258865683047013,0.4597016015263071,0.14154323466328317,0.5,0.380000000012756,0.4115369114340166,0.11999999998724398
52,bank_marketing,xgboost,coda_no_overshoot,2233.0,0.7330944917151814,0.7319362104331738,0.7221153846153846,0.7098298676748582,0.7159199237368924,0.4548022598870056,0.47566182749786506,1.045865136237542,0.020859567610859442,0.7110187110187111,0.708838821490468,0.24268502581755594,0.24915824915824916,-0.0021798895282431063,0.006473223340693224,0.006473223340693224,1.0,0.7896520934722279,0.08866995073891626,198.0,1.1224379958636728,0.0,0.7881773399014779,1.0,1.1177360353159018,0.7837837837837838,0.625,-0.00268696820420955,-0.17430475403075718,1601.0,648.0,0.40956671338816697,1.4485965667515763,0.7168347369188094,0.8427980480445846,0.12068827928732917,0.45,0.43630138299440074,0.45276246012361276,0.0364277145271516,0.45,0.34794565633438557,0.3966655769317625,0.10221804018037006
52,recruitment,xgboost,base_model,24240.0,0.9888613861386139,0.9832968903603017,0.9847476878143762,0.9718174539631705,0.978239845261122,0.26424050632911394,0.239282769991756,0.9055491654777831,-0.024957736337357955,0.9693955623565417,0.9759036144578314,0.0037682524729156855,0.007317073170731708,0.006508052101289685,0.0035488206978160223,0.006508052101289685,1.0,0.9994949936053316,0.0,0.0,1.0192843980885316,0.0,0.5957920792079208,1.0,1.0191198130948924,0.5953286482017363,1.0,0.0,0.0,,,,,,,,,,,,,,,
52,recruitment,xgboost,group_threshold,24240.0,0.9891914191419142,0.9862376592021047,0.9779517494807477,0.9801441152922338,0.9790467050543826,0.2708447991194276,0.239282769991756,0.8834682104648629,-0.031562029127671615,0.9826574853353737,0.9759036144578314,0.00791333019312294,0.007317073170731708,-0.006753870877542312,-0.0005962570223912314,0.006753870877542312,1.0,0.9994949936053316,0.0039603960396039604,96.0,0.9863748803900804,0.0,0.5777227722772277,1.0,0.9861422724164941,0.5772219925589086,1.0,0.00033003300330036733,-0.022080955012920178,,,,,,,,,,,,,,,
52,recruitment,xgboost,coda_full,24240.0,0.9844884488448845,0.9842202408773364,0.9573009194327567,0.9836669335468374,0.9703048491549519,0.27318381948266374,0.25206100577081614,0.922679118580857,-0.0211228137118476,0.9795970415710278,0.9905335628227194,0.012246820536975978,0.01951219512195122,0.010936521251691644,0.007265374584975242,0.010936521251691644,1.0,0.9994949936053316,0.013201320132013201,320.0,1.0333362544928244,0.0,0.6126650165016502,1.0,1.0332007142623194,0.6122364613476643,1.0,-0.00437293729372934,0.01712995310307397,16982.0,2967.0,1.7680053076104618,5.0,3.081423929963275,0.7842536479683964,0.15821203656098928,0.5,0.474659122007079,0.4059303056733421,0.23999999999999988,0.45,0.3301645523761779,0.4316539424671023,0.23999999999999977
52,recruitment,xgboost,coda_no_damping,24240.0,0.984983498349835,0.9846059453842596,0.9589511471827689,0.9838270616493194,0.9712298450837813,0.2727022564667034,0.25175185490519375,0.9231748140519415,-0.020950401561509624,0.97985207855139,0.9905335628227194,0.01149317004239284,0.019105691056910568,0.010681484271329422,0.007612521014517728,0.010681484271329422,1.0,0.9994949936053316,0.012376237623762377,300.0,1.033744450344086,0.0,0.6145214521452145,1.0,1.033609753842087,0.6140967341876808,1.0,-0.0038778877887788443,0.01762564857415838,16928.0,0.0,1.7471921063447569,5.0,2.9477898565088356,0.7849642954882826,0.15816183142391826,0.5,0.4982618973313647,0.4063964734539821,0.23999253413684973,0.45,0.331430206489045,0.4347225591776507,0.23999999998889698
52,recruitment,xgboost,coda_no_warmup,24240.0,0.9844884488448845,0.9842202408773364,0.9573009194327567,0.9836669335468374,0.9703048491549519,0.27318381948266374,0.25206100577081614,0.922679118580857,-0.0211228137118476,0.9795970415710278,0.9905335628227194,0.012246820536975978,0.01951219512195122,0.010936521251691644,0.007265374584975242,0.010936521251691644,1.0,0.9994949936053316,0.013201320132013201,320.0,1.0333362544928244,0.0,0.6126650165016502,1.0,1.0332007142623194,0.6122364613476643,1.0,-0.00437293729372934,0.01712995310307397,16982.0,2967.0,1.7680053076104618,5.0,3.081423929963275,0.7842536479683964,0.15821203656098928,0.5,0.474659122007079,0.4059303056733421,0.23999999999999988,0.45,0.3301645523761779,0.4316539424671023,0.23999999999999977
52,recruitment,xgboost,coda_no_ema,24240.0,0.984447194719472,0.9842447339366353,0.9570093457943926,0.9838270616493194,0.970232925384919,0.27332140891579526,0.252164056059357,0.9225916735159359,-0.021157352856438272,0.9795970415710278,0.9909638554216867,0.012435233160621761,0.01951219512195122,0.011366813850658963,0.007076961961329458,0.011366813850658963,1.0,0.9994949936053316,0.013325082508250825,323.0,1.0332118431002184,0.0,0.6130775577557755,1.0,1.0330760457151196,0.6126498553121125,1.0,-0.0044141914191419,0.01704250803815277,17031.0,2958.0,1.7704427642002205,5.0,3.081423929963275,0.7843224626140903,0.15792830269787467,0.5,0.4801186740410046,0.4058353105490235,0.24,0.45,0.33,0.4298599425017504,0.24000000000000005
52,recruitment,xgboost,coda_naive_init,24240.0,0.9861798679867987,0.9860390674306603,0.9615745079662605,0.9857485988791033,0.9735115047046731,0.27118877270225644,0.25350370981038745,0.9347868913758985,-0.017685062891868997,0.9808722264728386,0.9939759036144579,0.009043805934997646,0.02032520325203252,0.013103677141619308,0.011281397317034874,0.013103677141619308,1.0,0.9994949936053316,0.010602310231023102,257.0,1.0476657698268286,0.0,0.6240511551155116,1.0,1.0475598482720863,0.6236461347664324,1.0,-0.0026815181518151654,0.029237725898115463,16881.0,2607.0,3.4821498069425583,5.0,5.0,0.7866620506780245,0.15623561512198172,0.5,0.4107188142722963,0.39584217455222687,0.14390782555684173,0.5,0.4518332282146813,0.44458107641490474,0.2172753155001365
52,recruitment,xgboost,coda_no_overshoot,24240.0,0.9844884488448845,0.9842202408773364,0.9573009194327567,0.9836669335468374,0.9703048491549519,0.27318381948266374,0.25206100577081614,0.922679118580857,-0.0211228137118476,0.9795970415710278,0.9905335628227194,0.012246820536975978,0.01951219512195122,0.010936521251691644,0.007265374584975242,0.010936521251691644,1.0,0.9994949936053316,0.013201320132013201,320.0,1.0333362544928244,0.0,0.6126650165016502,1.0,1.0332007142623194,0.6122364613476643,1.0,-0.00437293729372934,0.01712995310307397,16982.0,2967.0,1.7680053076104618,5.0,3.081423929963275,0.7842536479683964,0.15821203656098928,0.5,0.474659122007079,0.4059303056733421,0.23999999999999988,0.45,0.3301645523761779,0.4316539424671023,0.23999999999999977
62,adult,xgboost,base_model,6513.0,0.8694917856594503,0.7894928396029797,0.7817896389324961,0.6352040816326531,0.7009148486981,0.25573921028466484,0.07417709782104775,0.2900497649088725,-0.1815621124636171,0.6492926284437825,0.5511111111111111,0.08031861931629605,0.018633540372670808,-0.09818151733267144,-0.061685078943625245,0.09818151733267144,0.0,0.9224339546233054,0.0,0.0,0.3217876076052674,0.0,0.0783049286043298,1.0,0.32320108513717033,0.07844654185362834,1.0,0.0,0.0,,,,,,,,,,,,,,,
62,adult,xgboost,group_threshold,6513.0,0.8529095654844158,0.750045461814655,0.7723214285714286,0.5516581632653061,0.6436011904761906,0.1797520661157025,0.15623551228558183,0.8691722752439265,-0.023516553830120662,0.5100521221146687,0.8,0.032525721871888486,0.08126293995859213,0.2899478778853314,0.04873721808670364,0.2899478778853314,1.0,0.9224339546233054,0.07799785045294028,508.0,1.018738025991653,0.0,0.536158452326117,1.0,1.0199685085733163,0.5355098251585951,0.9166666666666666,-0.016582220175034523,0.5791225103350539,,,,,,,,,,,,,,,
62,adult,xgboost,coda_full,6513.0,0.8380162751420236,0.7644095251852006,0.6782487838776928,0.6224489795918368,0.6491519787163286,0.22130394857667585,0.22021325915623552,0.9950715320379273,-0.0010906894204403272,0.5822784810126582,0.8622222222222222,0.0604049120477929,0.14544513457556935,0.279943741209564,0.08504022252777645,0.279943741209564,1.0,0.9224339546233054,0.0713956701980654,465.0,1.1533353452815596,0.0,0.6183018578228159,1.0,1.1556071192084956,0.618288720408479,1.0,-0.0314755105174267,0.7050217671290548,4707.0,2814.0,3.3522878706680714,5.0,3.7876244052704386,0.7404483874376745,0.1789171768765849,0.2,0.08875845379951788,0.10672082647763978,0.13198892529817938,0.65,0.543963784390225,0.5638431287355369,0.12126481294402391
62,adult,xgboost,coda_no_damping,6513.0,0.8398587440503608,0.7662761679494852,0.683182135380321,0.6243622448979592,0.6524491836054649,0.2222222222222222,0.21557719054242003,0.9700973574408902,-0.0066450316798021825,0.5852568875651526,0.8577777777777778,0.0604049120477929,0.14078674948240166,0.27252089021262516,0.08038183743460876,0.27252089021262516,1.0,0.9224339546233054,0.06924612313833871,451.0,1.106763094044515,0.0,0.5911254414248426,1.0,1.1086745689521327,0.5909020578678632,1.0,-0.029633041609089528,0.6800475925320177,4599.0,0.0,2.3850719561472227,5.0,3.9887838660365285,0.744689543852843,0.1761201243694894,0.2,0.08335807054604912,0.11300217741793663,0.1353314299367483,0.65,0.5357314608127651,0.5637032893821364,0.1334437301519633
62,adult,xgboost,coda_no_warmup,6513.0,0.8380162751420236,0.7644095251852006,0.6782487838776928,0.6224489795918368,0.6491519787163286,0.22130394857667585,0.22021325915623552,0.9950715320379273,-0.0010906894204403272,0.5822784810126582,0.8622222222222222,0.0604049120477929,0.14544513457556935,0.279943741209564,0.08504022252777645,0.279943741209564,1.0,0.9224339546233054,0.0713956701980654,465.0,1.1533353452815596,0.0,0.6183018578228159,1.0,1.1556071192084956,0.618288720408479,1.0,-0.0314755105174267,0.7050217671290548,4723.0,2819.0,3.355201160331951,5.0,3.7876244052704386,0.7404483874376745,0.1789171768765849,0.2,0.08875845379951788,0.10665010278101454,0.1314178283705082,0.65,0.543963784390225,0.5638434724448192,0.1213752791991849
62,adult,xgboost,coda_no_ema,6513.0,0.8380162751420236,0.7644095251852006,0.6782487838776928,0.6224489795918368,0.6491519787163286,0.22130394857667585,0.22021325915623552,0.9950715320379273,-0.0010906894204403272,0.5822784810126582,0.8622222222222222,0.0604049120477929,0.14544513457556935,0.279943741209564,0.08504022252777645,0.279943741209564,1.0,0.9224339546233054,0.0713956701980654,465.0,1.1533353452815596,0.0,0.6183018578228159,1.0,1.1556071192084956,0.618288720408479,1.0,-0.0314755105174267,0.7050217671290548,4707.0,2814.0,3.3522878706680714,5.0,3.7876244052704386,0.7404483874376745,0.1789171768765849,0.2,0.08875555304682904,0.10668910661844377,0.13198893521100546,0.65,0.5439646545703953,0.5638128931451151,0.1212648129774393
62,adult,xgboost,coda_naive_init,6513.0,0.8619683709504069,0.7588420327686181,0.8077276908923643,0.5599489795918368,0.6613935969868173,0.1994949494949495,0.10106629578117757,0.5066107991056495,-0.09842865371377194,0.5420699925539836,0.6666666666666666,0.04679721208098241,0.035196687370600416,0.12459667411268305,-0.011600524710381997,0.12459667411268305,0.0,0.9224339546233054,0.047750652541071706,311.0,0.5795595285862015,0.0,0.24105634884077998,1.0,0.5829672187204634,0.24245706328330496,1.0,-0.007523414709043386,0.21656103419677702,5442.0,1913.0,4.6100250911704315,5.0,5.0,0.5144205573024109,0.24478144318721154,0.5,0.3800000000000003,0.3828093938743956,0.13443126894932728,0.5,0.6199999999999999,0.6114508624696634,0.23995896864939908
62,adult,xgboost,coda_no_overshoot,6513.0,0.8380162751420236,0.7644095251852006,0.6782487838776928,0.6224489795918368,0.6491519787163286,0.22130394857667585,0.22021325915623552,0.9950715320379273,-0.0010906894204403272,0.5822784810126582,0.8622222222222222,0.0604049120477929,0.14544513457556935,0.279943741209564,0.08504022252777645,0.279943741209564,1.0,0.9224339546233054,0.0713956701980654,465.0,1.1533353452815596,0.0,0.6183018578228159,1.0,1.1556071192084956,0.618288720408479,1.0,-0.0314755105174267,0.7050217671290548,4707.0,2814.0,3.3522878706680714,5.0,3.7876244052704386,0.7404483874376745,0.1789171768765849,0.2,0.08875845379951788,0.10672082647763978,0.13198892529817938,0.65,0.543963784390225,0.5638431287355369,0.12126481294402391
62,compas,xgboost,base_model,2648.0,0.7061933534743202,0.7061838262139467,0.7061469265367316,0.7093373493975904,0.7077385424492862,0.647239263803681,0.41976047904191616,0.6485398870505434,-0.22747878476176486,0.820738137082601,0.6258234519104084,0.4058679706601467,0.24807903402854006,-0.19491468517219257,-0.15778893663160662,0.19491468517219257,0.0,0.7743995869843008,0.0,0.0,0.6765762713015938,0.0,0.20166163141993956,1.0,0.6760570740009277,0.20015396458814472,0.8636363636363636,0.0,0.0,,,,,,,,,,,,,,,
62,compas,xgboost,group_threshold,2648.0,0.6986404833836858,0.6986696787148594,0.7038461538461539,0.6890060240963856,0.6963470319634705,0.4897750511247444,0.49161676646706587,1.00376032902879,0.0018417153423214705,0.6608084358523726,0.7101449275362319,0.25183374083129584,0.30954994511525796,0.04933649168385934,0.057716204283962125,0.057716204283962125,1.0,0.7743995869843008,0.10347432024169184,274.0,1.0655206841376381,0.0,0.7877643504531722,1.0,1.0682677321695773,0.7859892224788299,0.7171052631578947,-0.007552870090634434,0.35522044197824654,,,,,,,,,,,,,,,
62,compas,xgboost,coda_full,2648.0,0.6937311178247734,0.693578860898138,0.6771761480466073,0.7439759036144579,0.7090060997488339,0.549079754601227,0.5520958083832336,1.005492924764995,0.0030160537820065336,0.7223198594024605,0.7602108036890646,0.3080684596577017,0.3787047200878156,0.03789094428660411,0.0706362604301139,0.0706362604301139,1.0,0.7743995869843008,0.1197129909365559,317.0,1.0600282996052075,0.0,0.8141993957703928,1.0,1.0626696435468383,0.812933025404157,0.7727272727272727,-0.012462235649546849,0.35695303771445164,1661.0,605.0,0.358554179244032,1.8089588337710232,0.2096520560379966,0.8689324920715316,0.09610409725603034,0.45,0.37433958917789417,0.41769882962375515,0.09204308225359797,0.6,0.5277998778817747,0.5755608689697022,0.07220902438376675
62,compas,xgboost,coda_no_damping,2648.0,0.6891993957703928,0.6889763599853962,0.666009204470743,0.7628012048192772,0.7111267111267113,0.5695296523517382,0.577245508982036,1.013547769810469,0.007715856630297724,0.7469244288224957,0.7747035573122529,0.32273838630806845,0.4127332601536773,0.027779128489757277,0.08999487384560884,0.08999487384560884,1.0,0.7743995869843008,0.131797583081571,349.0,1.0658978835120498,0.0,0.8345921450151057,1.0,1.0686521909622801,0.8337182448036952,0.7272727272727273,-0.01699395770392742,0.36500788275992546,1830.0,0.0,0.38535455723088496,1.9492274322024146,0.2247382807655489,0.8622225989160519,0.09645447163574736,0.45,0.3411355850558702,0.40440620799565863,0.1309701744171703,0.6,0.48000045304940925,0.5591987267111209,0.12000190429177787
62,compas,xgboost,coda_no_warmup,2648.0,0.6937311178247734,0.693578860898138,0.6771761480466073,0.7439759036144579,0.7090060997488339,0.549079754601227,0.5520958083832336,1.005492924764995,0.0030160537820065336,0.7223198594024605,0.7602108036890646,0.3080684596577017,0.3787047200878156,0.03789094428660411,0.0706362604301139,0.0706362604301139,1.0,0.7743995869843008,0.1197129909365559,317.0,1.0600282996052075,0.0,0.8141993957703928,1.0,1.0626696435468383,0.812933025404157,0.7727272727272727,-0.012462235649546849,0.35695303771445164,1661.0,605.0,0.358554179244032,1.8089588337710232,0.2096520560379966,0.8689324920715316,0.09610409725603034,0.45,0.37433958917789417,0.41769882962375515,0.09204308225359797,0.6,0.5277998778817747,0.5755608689697022,0.07220902438376675
62,compas,xgboost,coda_no_ema,2648.0,0.6948640483383686,0.6947357612267251,0.6808066759388038,0.7371987951807228,0.7078814172089659,0.5388548057259713,0.5455089820359281,1.0123487370609825,0.006654176309956794,0.7082601054481547,0.758893280632411,0.30317848410757947,0.3677277716794731,0.05063317518425636,0.06454928757189365,0.06454928757189365,1.0,0.7743995869843008,0.11933534743202417,316.0,1.060779866087096,0.0,0.8255287009063444,1.0,1.0634356743567075,0.8244803695150116,0.7727272727272727,-0.01132930513595165,0.36380885001043906,1681.0,586.0,0.28870354980563,1.5982282787508613,0.0,0.8734889502363249,0.09238438730139127,0.45,0.38806547519918166,0.4234748778383831,0.07435173137281081,0.6,0.5473962431395177,0.579743214644393,0.05260399678142036
62,compas,xgboost,coda_naive_init,2648.0,0.6978851963746223,0.6975538517707193,0.6633663366336634,0.8072289156626506,0.7282608695652175,0.6319018404907976,0.5976047904191617,0.9457240858089646,-0.03429705007163586,0.8031634446397188,0.8102766798418972,0.39364303178484106,0.42041712403951703,0.007113235202178436,0.026774092254675974,0.026774092254675974,1.0,0.7743995869843008,0.11782477341389729,312.0,0.9768052835835748,0.0,0.7428247734138973,1.0,0.9820641658110455,0.7517321016166282,0.7727272727272727,-0.0083081570996979,0.29718419875842117,1785.0,597.0,0.4359543272083411,2.2738726177296744,0.1689938952911691,0.8585245106161546,0.10315358822791103,0.5,0.3823754399316924,0.39210513460476276,0.11999999999999972,0.5,0.5121937805579031,0.5196511792101097,0.04257960319648496
62,compas,xgboost,coda_no_overshoot,2648.0,0.6937311178247734,0.693578860898138,0.6771761480466073,0.7439759036144579,0.7090060997488339,0.549079754601227,0.5520958083832336,1.005492924764995,0.0030160537820065336,0.7223198594024605,0.7602108036890646,0.3080684596577017,0.3787047200878156,0.03789094428660411,0.0706362604301139,0.0706362604301139,1.0,0.7743995869843008,0.1197129909365559,317.0,1.0600282996052075,0.0,0.8141993957703928,1.0,1.0626696435468383,0.812933025404157,0.7727272727272727,-0.012462235649546849,0.35695303771445164,1661.0,605.0,0.358554179244032,1.8089588337710232,0.2096520560379966,0.8689324920715316,0.09610409725603034,0.45,0.37433958917789417,0.41769882962375515,0.09204308225359797,0.6,0.5277998778817747,0.5755608689697022,0.07220902438376675
62,german_credit,xgboost,base_model,200.0,0.745,0.694047619047619,0.8156028368794326,0.8214285714285714,0.8185053380782918,0.751937984496124,0.6197183098591549,0.8241614636271235,-0.13221967463696915,0.8478260869565217,0.7708333333333334,0.5135135135135135,0.30434782608695654,-0.07699275362318836,-0.20916568742655695,0.20916568742655695,1.0,0.8180952380952382,0.0,0.0,0.7418949824600776,0.0,0.56,1.0,0.8597216576882198,0.7466666666666667,0.75,0.0,0.0,,,,,,,,,,,,,,,
62,german_credit,xgboost,group_threshold,200.0,0.775,0.6773809523809524,0.7914110429447853,0.9214285714285714,0.8514851485148515,0.8062015503875969,0.8309859154929577,1.0307421451787648,0.02478436510536086,0.9130434782608695,0.9375,0.5405405405405406,0.6086956521739131,0.024456521739130488,0.06815511163337251,0.06815511163337251,1.0,0.8180952380952382,0.11,22.0,0.9865941960970278,0.0,0.885,1.0,1.0515179285298737,1.0,0.5,0.030000000000000027,0.20658068155164133,,,,,,,,,,,,,,,
62,german_credit,xgboost,coda_full,200.0,0.775,0.6773809523809524,0.7914110429447853,0.9214285714285714,0.8514851485148515,0.8062015503875969,0.8309859154929577,1.0307421451787648,0.02478436510536086,0.9130434782608695,0.9375,0.5405405405405406,0.6086956521739131,0.024456521739130488,0.06815511163337251,0.06815511163337251,1.0,0.8180952380952382,0.11,22.0,0.9865941960970278,0.0,0.885,1.0,1.0515179285298737,1.0,0.5,0.030000000000000027,0.20658068155164133,68.0,61.0,0.013643268587680201,0.06755496176786369,0.0,0.9002634239623307,0.11664836310325946,0.15,0.149914988008167,0.14994188130744934,8.609371091045093e-05,0.35,0.35002221280666523,0.35001700439744254,2.5828113273063114e-05
62,german_credit,xgboost,coda_no_damping,200.0,0.775,0.6773809523809524,0.7914110429447853,0.9214285714285714,0.8514851485148515,0.8062015503875969,0.8309859154929577,1.0307421451787648,0.02478436510536086,0.9130434782608695,0.9375,0.5405405405405406,0.6086956521739131,0.024456521739130488,0.06815511163337251,0.06815511163337251,1.0,0.8180952380952382,0.11,22.0,0.9865941960970278,0.0,0.885,1.0,1.0515179285298737,1.0,0.5,0.030000000000000027,0.20658068155164133,68.0,0.0,0.013643268587680201,0.06755496176786369,0.0,0.9002634239623307,0.11664836310325946,0.15,0.14914011619662795,0.14941753365925045,0.0008609371091038986,0.35,0.35025467435012697,0.35017430869190214,0.0002582811327310752
62,german_credit,xgboost,coda_no_warmup,200.0,0.775,0.6773809523809524,0.7914110429447853,0.9214285714285714,0.8514851485148515,0.8062015503875969,0.8309859154929577,1.0307421451787648,0.02478436510536086,0.9130434782608695,0.9375,0.5405405405405406,0.6086956521739131,0.024456521739130488,0.06815511163337251,0.06815511163337251,1.0,0.8180952380952382,0.11,22.0,0.9865941960970278,0.0,0.885,1.0,1.0515179285298737,1.0,0.5,0.030000000000000027,0.20658068155164133,81.0,72.0,0.039248630986919275,0.14816024556788235,0.0,0.9002634239623307,0.11664836310325946,0.15,0.14974078986109232,0.1498193013752539,0.0002602841058703953,0.35,0.35007447225078775,0.3500537783771013,7.808523176128235e-05
62,german_credit,xgboost,coda_no_ema,200.0,0.775,0.6773809523809524,0.7914110429447853,0.9214285714285714,0.8514851485148515,0.8062015503875969,0.8309859154929577,1.0307421451787648,0.02478436510536086,0.9130434782608695,0.9375,0.5405405405405406,0.6086956521739131,0.024456521739130488,0.06815511163337251,0.06815511163337251,1.0,0.8180952380952382,0.11,22.0,0.9865941960970278,0.0,0.885,1.0,1.0515179285298737,1.0,0.5,0.030000000000000027,0.20658068155164133,68.0,61.0,0.013643268587680201,0.06755496176786369,0.0,0.9002634239623307,0.11664836310325946,0.15,0.14991501863507684,0.14993805576781688,8.60969332842354e-05,0.35,0.35002211051878174,0.3500180039737424,2.5829079985273395e-05
62,german_credit,xgboost,coda_naive_init,200.0,0.745,0.694047619047619,0.8156028368794326,0.8214285714285714,0.8185053380782918,0.751937984496124,0.6197183098591549,0.8241614636271235,-0.13221967463696915,0.8478260869565217,0.7708333333333334,0.5135135135135135,0.30434782608695654,-0.07699275362318836,-0.20916568742655695,0.20916568742655695,1.0,0.8180952380952382,0.0,0.0,0.7418949824600776,0.0,0.56,1.0,0.8597216576882198,0.7466666666666667,0.75,0.0,0.0,168.0,107.0,0.7832763152196094,1.268143175142487,1.15120287342925,0.6631631340670371,0.21603267749286323,0.5,0.4749810486410887,0.4944541761342069,0.0250189513589113,0.5,0.507505685407674,0.5016637471597383,0.007505685407674045
62,german_credit,xgboost,coda_no_overshoot,200.0,0.775,0.6773809523809524,0.7914110429447853,0.9214285714285714,0.8514851485148515,0.8062015503875969,0.8309859154929577,1.0307421451787648,0.02478436510536086,0.9130434782608695,0.9375,0.5405405405405406,0.6086956521739131,0.024456521739130488,0.06815511163337251,0.06815511163337251,1.0,0.8180952380952382,0.11,22.0,0.9865941960970278,0.0,0.885,1.0,1.0515179285298737,1.0,0.5,0.030000000000000027,0.20658068155164133,68.0,61.0,0.013643268587680201,0.06755496176786369,0.0,0.9002634239623307,0.11664836310325946,0.15,0.149914988008167,0.14994188130744934,8.609371091045093e-05,0.35,0.35002221280666523,0.35001700439744254,2.5828113273063114e-05
62,bank_marketing,xgboost,base_model,2233.0,0.7429467084639498,0.7362627197039778,0.8009950248756219,0.6086956521739131,0.6917293233082707,0.35734331150608045,0.36254295532646047,1.0145508357172415,0.005199643820380018,0.6290322580645161,0.5907473309608541,0.12216404886561955,0.14950166112956811,-0.03828492710366205,0.02733761226394857,0.03828492710366205,1.0,0.8008269315850863,0.0,0.0,1.1426128059197884,0.0,0.6963725929243171,1.0,1.148569522239875,0.6949152542372882,0.6753246753246753,0.0,0.0,,,,,,,,,,,,,,,
62,bank_marketing,xgboost,group_threshold,2233.0,0.741603224361845,0.7374331335719744,0.7639956092206367,0.6578449905482041,0.7069578466226512,0.39195509822263797,0.422680412371134,1.0783898826366165,0.030725314148496052,0.6673387096774194,0.6494661921708185,0.15357766143106458,0.21096345514950166,-0.017872517506600905,0.05738579371843708,0.05738579371843708,1.0,0.8008269315850863,0.04791759964173757,107.0,1.1733285303323189,0.0,0.8150470219435737,1.0,1.17637510669607,0.814933577645442,0.6730769230769231,-0.0013434841021048305,0.06383904691937503,,,,,,,,,,,,,,,
62,bank_marketing,xgboost,coda_full,2233.0,0.7210031347962382,0.7217644692917187,0.6936776491540516,0.7362948960302458,0.7143512150389728,0.500467726847521,0.5051546391752577,1.0093650640716831,0.004686912327736659,0.7600806451612904,0.7153024911032029,0.2757417102966841,0.3089700996677741,-0.044778154058087494,0.03322838937109002,0.044778154058087494,1.0,0.8008269315850863,0.14285714285714285,319.0,1.0742972834027318,0.0,0.7559337214509628,1.0,1.07507562231963,0.7544663307375172,0.5555555555555556,-0.021943573667711602,-0.005185771645558335,1640.0,600.0,1.5605933454127159,5.0,1.6202694918974065,0.8516833001542433,0.10425064757192348,0.45,0.3310152528159833,0.3997124421645664,0.15795914106095332,0.45,0.3512247928473517,0.3701172870631981,0.23999999991459076
62,bank_marketing,xgboost,coda_no_damping,2233.0,0.7339901477832512,0.7329755057716285,0.7217973231357553,0.7136105860113422,0.7176806083650191,0.4593077642656688,0.47680412371134023,1.0380928884876226,0.017496359445671406,0.7298387096774194,0.699288256227758,0.225130890052356,0.2691029900332226,-0.03055045344966134,0.04397209998086657,0.04397209998086657,1.0,0.8008269315850863,0.1244961934617107,278.0,1.1509522324020252,0.0,0.6757725033587103,1.0,1.153486296215838,0.6724690792487402,0.7189542483660131,-0.008956560680698611,0.023542052770381128,1812.0,0.0,3.586114658270546,5.0,1.3461004818126943,0.8226446362804273,0.11025379896065712,0.45,0.3584716469758272,0.42080639006064846,0.23999957162374547,0.45,0.3667077576744172,0.40017883464165066,0.2397749861512941
62,bank_marketing,xgboost,coda_no_warmup,2233.0,0.7214509628302732,0.7221900012066123,0.6942959001782532,0.7362948960302458,0.7146788990825689,0.500467726847521,0.5042955326460481,1.0076484568198605,0.0038278057985270397,0.7600806451612904,0.7153024911032029,0.2757417102966841,0.3073089700996678,-0.044778154058087494,0.031567259802983694,0.044778154058087494,1.0,0.8008269315850863,0.14240931482310792,318.0,1.0733900583761458,0.0,0.7478728168383341,1.0,1.074147617974982,0.7462207970682547,0.5555555555555556,-0.02149574563367662,-0.00690237889738099,1580.0,568.0,1.4923141931392414,5.0,1.6202694918974065,0.854506242137995,0.1053753619703603,0.45,0.3310152528159833,0.3996827758625194,0.15795914106095332,0.45,0.3512247928473517,0.3704586963100834,0.23999999991459076
62,bank_marketing,xgboost,coda_no_ema,2233.0,0.7201074787281684,0.7206310581989301,0.6945193171608266,0.7306238185255198,0.7121142330723169,0.49485500467726845,0.5017182130584192,1.013869129980057,0.006863208381150787,0.7479838709677419,0.7153024911032029,0.2757417102966841,0.3023255813953488,-0.032681379864539006,0.026583871098664724,0.032681379864539006,1.0,0.8008269315850863,0.13837886251679354,309.0,1.0733427780935636,0.0,0.7599641737572772,1.0,1.0740992547725055,0.7585890975721484,0.5555555555555556,-0.022839229735781452,-0.0006817057371844015,1610.0,571.0,1.6328715499688773,5.0,5.0,0.8492657494667527,0.10533234046065754,0.45,0.33,0.40041613794897113,0.16673862772609188,0.45,0.5034238367958197,0.3719960902219309,0.24000000000000005
62,bank_marketing,xgboost,coda_naive_init,2233.0,0.7380206000895656,0.7354876724449986,0.7410805300713558,0.6871455576559546,0.7130946542422756,0.43405051449953225,0.44415807560137455,1.0232866009005805,0.0101075611018423,0.7056451612903226,0.6708185053380783,0.19895287958115182,0.23255813953488372,-0.03482665595224432,0.0336052599537319,0.03482665595224432,1.0,0.8008269315850863,0.08374384236453201,187.0,1.087381139744155,0.0,0.7635467980295566,1.0,1.0920728156112953,0.7636280348144755,0.6753246753246753,-0.0049261083743842304,0.008735765183339073,1743.0,269.0,2.9690095150086044,5.0,5.0,0.8382881208832591,0.10012375066054238,0.5,0.38037895236757846,0.4289992377299344,0.15080869082457904,0.5,0.5093826676158587,0.4090875163799856,0.17450716436370972
62,bank_marketing,xgboost,coda_no_overshoot,2233.0,0.7330944917151814,0.7326420785906769,0.7158878504672898,0.724007561436673,0.7199248120300752,0.4686623012160898,0.4888316151202749,1.0430359212845786,0.020169313904185082,0.7459677419354839,0.7046263345195729,0.2286212914485166,0.287375415282392,-0.04134140741591097,0.05875412383387543,0.05875412383387543,1.0,0.8008269315850863,0.11912225705329153,266.0,1.1248754698541261,0.0,0.8069861173309449,1.0,1.1268122647135665,0.8066880439761795,0.6013071895424836,-0.009852216748768461,0.028485085567337087,1795.0,377.0,0.7328211592439474,2.2310289669931054,0.6077720963341483,0.8379879909735705,0.10287785198485609,0.45,0.3454219865421579,0.4110392422129244,0.14810853614495206,0.45,0.3307211741376204,0.3903896746284092,0.11999999995854177
62,recruitment,xgboost,base_model,24240.0,0.9892739273927392,0.9843589236490609,0.9839883551673945,0.9742193755004003,0.9790794979079498,0.26630397355554025,0.2382961210001029,0.89482750789824,-0.028007852555437363,0.9666160849772383,0.9873417721518988,0.004258540740039746,0.007269789983844911,0.0207256871746605,0.003011249243805165,0.0207256871746605,1.0,0.9995511696937434,0.0,0.0,1.0125993274510519,0.0,0.572483498349835,1.0,1.0126824734852151,0.573170731707317,1.0,0.0,0.0,,,,,,,,,,,,,,,
62,recruitment,xgboost,group_threshold,24240.0,0.9899752475247525,0.9880725475073029,0.9771065182829889,0.9841473178542834,0.9806142800159553,0.2736726120790579,0.2382961210001029,0.8707342659895556,-0.03537649107895502,0.9822964087000505,0.9873417721518988,0.008517081480079493,0.007269789983844911,0.00504536345184825,-0.0012472914962345814,0.00504536345184825,1.0,0.9995511696937434,0.004414191419141914,107.0,0.9847095116050631,0.0,0.5486798679867987,1.0,0.984735010231525,0.5493178999586606,1.0,0.0007013201320132945,-0.024093241908684337,,,,,,,,,,,,,,,
62,recruitment,xgboost,coda_full,24240.0,0.984447194719472,0.9854994192631126,0.9536178107606679,0.9876701361088871,0.9703453158184535,0.2784243509400179,0.2495112665912131,0.8961546134481834,-0.028913084348804796,0.9817905918057663,0.9978175469227412,0.015236112425475536,0.018712977921378566,0.016026955116974828,0.0034768654959030296,0.016026955116974828,1.0,0.9995511696937434,0.012582508250825082,305.0,1.0173242423904376,0.0,0.5740511551155115,1.0,1.0174171546811932,0.5747416287722199,1.0,-0.0048267326732672755,0.0013271055499434192,18138.0,3311.0,3.8207886002544904,5.0,5.0,0.7711777529954179,0.1523488907633643,0.5,0.38000177616994024,0.39022226266653826,0.11999999999999933,0.45,0.36296008952906117,0.4194431415909941,0.23999999999995336
62,recruitment,xgboost,coda_no_damping,24240.0,0.9846122112211221,0.985610561246997,0.9542079207920792,0.9876701361088871,0.9706507199622315,0.27794229047586255,0.2498199403230785,0.8988194631891533,-0.028122350152784054,0.9817905918057663,0.9978175469227412,0.014573672754802688,0.019116855142703285,0.016026955116974828,0.004543182387900597,0.016026955116974828,1.0,0.9995511696937434,0.01283003300330033,311.0,1.0209749818934586,0.0,0.575990099009901,1.0,1.0210754401525959,0.576684580405126,1.0,-0.004661716171617147,0.0039919552909133404,18089.0,0.0,3.8369680118523464,5.0,5.0,0.7716110771072228,0.1517363922448872,0.5,0.38000031620738095,0.39098482324590217,0.11999999999999933,0.45,0.3912958827992798,0.422975651430395,0.23999999999996857
62,recruitment,xgboost,coda_no_warmup,24240.0,0.984447194719472,0.9853948621525728,0.9538985148514851,0.9873498799039231,0.9703359823746951,0.2780800220370498,0.24961415783516822,0.8976342709074981,-0.028465864201881574,0.981284774911482,0.9978175469227412,0.014952209709472888,0.01884760366182014,0.016532772011259134,0.0038953939523472536,0.016532772011259134,1.0,0.9995511696937434,0.012417491749174918,301.0,1.0187555077266786,0.0,0.5750825082508251,1.0,1.018851378399692,0.5757751136833402,1.0,-0.0048267326732672755,0.0028067630092581952,18210.0,3231.0,3.6769478369976736,5.0,5.0,0.7711688091090886,0.15173205281210458,0.5,0.38000000304190545,0.3895154839620456,0.11999999999999972,0.45,0.3639250459505654,0.4229899863572404,0.23999999999999977
62,recruitment,xgboost,coda_no_ema,24240.0,0.9844884488448845,0.9855272047590837,0.9537652698314519,0.9876701361088871,0.9704216488357458,0.27828661937883065,0.24961415783516822,0.8969678757546344,-0.02867246154366243,0.9817905918057663,0.9978175469227412,0.015046843948140437,0.01884760366182014,0.016026955116974828,0.0038007597136797047,0.016026955116974828,1.0,0.9995511696937434,0.012458745874587458,302.0,1.0175923408698822,0.0,0.5745874587458746,1.0,1.0176858073121045,0.5752790409260025,1.0,-0.004785478547854716,0.0021403678563944872,18193.0,3183.0,3.6711772535007037,5.0,5.0,0.7714675072640452,0.15157152491462605,0.5,0.38,0.3896259706405659,0.12,0.45,0.3650205394078147,0.42178135995064986,0.24000000000000005
62,recruitment,xgboost,coda_naive_init,24240.0,0.9856848184818482,0.9856010843684673,0.9600624024960999,0.9854283426741393,0.9725800079020149,0.2740858067626197,0.2500257228109888,0.9122169650598914,-0.024060083951630895,0.9782498735457764,0.9978175469227412,0.01059903473076559,0.01938610662358643,0.019567673376964745,0.008787071892820839,0.019567673376964745,1.0,0.9995511696937434,0.01051980198019802,255.0,1.0340260590666364,0.0,0.5886551155115511,1.0,1.0341534935084384,0.5893757751136833,1.0,-0.003589108910891037,0.01738945716165141,18081.0,2828.0,2.0999845824202477,5.0,3.662675732978191,0.7741867724711897,0.14954976117370267,0.5,0.38000104000093504,0.3882363964965694,0.11999999999999933,0.5,0.40258903950114056,0.4452058170787368,0.2399999997830934
62,recruitment,xgboost,coda_no_overshoot,24240.0,0.984447194719472,0.9854994192631126,0.9536178107606679,0.9876701361088871,0.9703453158184535,0.2784243509400179,0.2495112665912131,0.8961546134481834,-0.028913084348804796,0.9817905918057663,0.9978175469227412,0.015236112425475536,0.018712977921378566,0.016026955116974828,0.0034768654959030296,0.016026955116974828,1.0,0.9995511696937434,0.012582508250825082,305.0,1.0173242423904376,0.0,0.5740511551155115,1.0,1.0174171546811932,0.5747416287722199,1.0,-0.0048267326732672755,0.0013271055499434192,18138.0,3311.0,3.8207886002544904,5.0,5.0,0.7711777529954179,0.1523488907633643,0.5,0.38000177616994024,0.39022226266653826,0.11999999999999933,0.45,0.36296008952906117,0.4194431415909941,0.23999999999995336
