hyperparameter,hp_value,seed,dataset,model,accuracy,demographic_parity_ratio,intervention_rate
eta,0.01,42,adult,xgboost,0.8527560264087211,0.8519759438549658,0.06310456011054813
eta,0.05,42,adult,xgboost,0.8526024873330262,0.8590584718338288,0.06479348994319054
eta,0.1,42,adult,xgboost,0.8524489482573315,0.868211643524518,0.06617534162444343
eta,0.25,42,adult,xgboost,0.8522954091816367,0.8691622186997644,0.06571472439735913
eta,0.5,42,adult,xgboost,0.852141870105942,0.8532400659865144,0.06310456011054813
eta,1.0,42,adult,xgboost,0.8515277138031629,0.8550829171009561,0.06341163826193766
ema_alpha,0.05,42,adult,xgboost,0.8507600184246891,0.8814527901267334,0.06786427145708583
ema_alpha,0.1,42,adult,xgboost,0.8522954091816367,0.8691622186997644,0.06571472439735913
ema_alpha,0.2,42,adult,xgboost,0.8518347919545525,0.8526658029188159,0.0627974819591586
ema_alpha,0.35,42,adult,xgboost,0.852141870105942,0.8532400659865144,0.06310456011054813
ema_alpha,0.5,42,adult,xgboost,0.852141870105942,0.8538180540038413,0.06341163826193766
ema_alpha,0.7,42,adult,xgboost,0.852141870105942,0.8538180540038413,0.06341163826193766
ema_alpha,1.0,42,adult,xgboost,0.852141870105942,0.8538180540038413,0.06341163826193766
warmup,5.0,42,adult,xgboost,0.852141870105942,0.8532400659865144,0.06310456011054813
warmup,15.0,42,adult,xgboost,0.852141870105942,0.8532400659865144,0.06310456011054813
warmup,30.0,42,adult,xgboost,0.852141870105942,0.8532400659865144,0.06310456011054813
warmup,50.0,42,adult,xgboost,0.8513741747274681,0.8801749929291856,0.06786427145708583
warmup,100.0,42,adult,xgboost,0.8522954091816367,0.8730350415440986,0.06694303700291725
warmup,200.0,42,adult,xgboost,0.8535237217871948,0.8608281142952584,0.06602180254874866
max_deviation,0.02,42,adult,xgboost,0.8608935974205435,0.7043760980633695,0.058037770612620915
max_deviation,0.05,42,adult,xgboost,0.855980346998311,0.7840575984678066,0.06632888070013819
max_deviation,0.08,42,adult,xgboost,0.8542914171656687,0.844380181159004,0.06955320128972824
max_deviation,0.12,42,adult,xgboost,0.852141870105942,0.8532400659865144,0.06310456011054813
max_deviation,0.15,42,adult,xgboost,0.8483033932135728,0.8736434158633891,0.06018731767234761
max_deviation,0.2,42,adult,xgboost,0.8281897742975587,0.99038066060825,0.08613542146476279
lambda_cap,1.0,42,adult,xgboost,0.852141870105942,0.8532400659865144,0.06310456011054813
lambda_cap,2.0,42,adult,xgboost,0.8512206356517734,0.8714121887960409,0.06648241977583295
lambda_cap,3.0,42,adult,xgboost,0.8519883310302472,0.8736080612506583,0.06602180254874866
lambda_cap,5.0,42,adult,xgboost,0.852141870105942,0.8532400659865144,0.06310456011054813
lambda_cap,8.0,42,adult,xgboost,0.8530631045601106,0.8556681472952906,0.06402579456471671
lambda_cap,10.0,42,adult,xgboost,0.8530631045601106,0.857526275736757,0.06433287271610624
accuracy_floor,0.001,42,adult,xgboost,0.8509135575003839,0.8771622790247707,0.06678949792722248
accuracy_floor,0.01,42,adult,xgboost,0.852141870105942,0.8532400659865144,0.06310456011054813
accuracy_floor,0.02,42,adult,xgboost,0.852141870105942,0.8532400659865144,0.06310456011054813
accuracy_floor,0.05,42,adult,xgboost,0.8533701827115001,0.8441436900165089,0.06187624750499002
accuracy_floor,0.1,42,adult,xgboost,0.8518347919545525,0.8488756666720054,0.06310456011054813
accuracy_floor,0.2,42,adult,xgboost,0.8522954091816367,0.8490860846237883,0.06356517733763242
eta,0.01,42,compas,xgboost,0.6948640483383686,0.9482724735662906,0.09818731117824774
eta,0.05,42,compas,xgboost,0.7020392749244713,0.9774892327907145,0.11669184290030211
eta,0.1,42,compas,xgboost,0.699773413897281,0.9735656730613929,0.118202416918429
eta,0.25,42,compas,xgboost,0.7035498489425982,0.9545811540196849,0.12122356495468278
eta,0.5,42,compas,xgboost,0.6899546827794562,1.0062507028526446,0.13255287009063443
eta,1.0,42,compas,xgboost,0.7058157099697885,0.9525169291017379,0.12575528700906344
ema_alpha,0.05,42,compas,xgboost,0.7043051359516617,0.9892683452075445,0.12197885196374622
ema_alpha,0.1,42,compas,xgboost,0.7027945619335347,0.9815153600927402,0.118202416918429
ema_alpha,0.2,42,compas,xgboost,0.7020392749244713,0.9774892327907145,0.11669184290030211
ema_alpha,0.35,42,compas,xgboost,0.7020392749244713,0.9774892327907145,0.11669184290030211
ema_alpha,0.5,42,compas,xgboost,0.702416918429003,0.9770445943722231,0.1163141993957704
ema_alpha,0.7,42,compas,xgboost,0.702416918429003,0.9770445943722231,0.1163141993957704
ema_alpha,1.0,42,compas,xgboost,0.7012839879154078,0.978187336587863,0.11669184290030211
warmup,5.0,42,compas,xgboost,0.7020392749244713,0.9774892327907145,0.11669184290030211
warmup,15.0,42,compas,xgboost,0.7020392749244713,0.9774892327907145,0.11669184290030211
warmup,30.0,42,compas,xgboost,0.7016616314199395,0.9749645467437548,0.1163141993957704
warmup,50.0,42,compas,xgboost,0.7016616314199395,0.9711014772582377,0.1148036253776435
warmup,100.0,42,compas,xgboost,0.7020392749244713,0.9621889455689028,0.11140483383685801
warmup,200.0,42,compas,xgboost,0.7020392749244713,0.9621889455689028,0.11140483383685801
max_deviation,0.02,42,compas,xgboost,0.6907099697885196,0.8859967836083149,0.08345921450151057
max_deviation,0.05,42,compas,xgboost,0.6933534743202417,0.9408343746996058,0.09818731117824774
max_deviation,0.08,42,compas,xgboost,0.7020392749244713,0.9692525754094715,0.11140483383685801
max_deviation,0.12,42,compas,xgboost,0.7020392749244713,0.9774892327907145,0.11669184290030211
max_deviation,0.15,42,compas,xgboost,0.7012839879154078,0.9777389979448656,0.12197885196374622
max_deviation,0.2,42,compas,xgboost,0.6975075528700906,1.007367930069447,0.13708459214501512
lambda_cap,1.0,42,compas,xgboost,0.7005287009063444,0.9863320905164458,0.11744712990936555
lambda_cap,2.0,42,compas,xgboost,0.7009063444108762,0.9749645467437548,0.11555891238670694
lambda_cap,3.0,42,compas,xgboost,0.7016616314199395,0.9749645467437548,0.1163141993957704
lambda_cap,5.0,42,compas,xgboost,0.7020392749244713,0.9774892327907145,0.11669184290030211
lambda_cap,8.0,42,compas,xgboost,0.7020392749244713,0.9774892327907145,0.11669184290030211
lambda_cap,10.0,42,compas,xgboost,0.7020392749244713,0.9774892327907145,0.11669184290030211
accuracy_floor,0.001,42,compas,xgboost,0.7005287009063444,0.9900967168161269,0.118202416918429
accuracy_floor,0.01,42,compas,xgboost,0.7005287009063444,0.9900967168161269,0.118202416918429
accuracy_floor,0.02,42,compas,xgboost,0.7020392749244713,0.9774892327907145,0.11669184290030211
accuracy_floor,0.05,42,compas,xgboost,0.7016616314199395,0.9688245687535292,0.11404833836858005
accuracy_floor,0.1,42,compas,xgboost,0.6941087613293051,0.9501851314689372,0.12235649546827794
accuracy_floor,0.2,42,compas,xgboost,0.7020392749244713,0.9485790244148677,0.11593655589123868
eta,0.01,52,adult,xgboost,0.8358667280822969,1.0733151585085488,0.07508060801473976
eta,0.05,52,adult,xgboost,0.837095040687855,1.0336974098604559,0.07293106095501305
eta,0.1,52,adult,xgboost,0.8363273453093812,1.0287249225797765,0.07584830339321358
eta,0.25,52,adult,xgboost,0.8381698142177184,1.0336374853729278,0.07646245969599264
eta,0.5,52,adult,xgboost,0.8367879625364655,1.0475825464744883,0.07723015507446646
eta,1.0,52,adult,xgboost,0.8341777982496545,1.0496318758622574,0.07799785045294028
ema_alpha,0.05,52,adult,xgboost,0.8387839705204975,1.0274876185460828,0.07707661599877169
ema_alpha,0.1,52,adult,xgboost,0.8381698142177184,1.0336374853729278,0.07646245969599264
ema_alpha,0.2,52,adult,xgboost,0.8309534776600644,1.068012526222979,0.07569476431751881
ema_alpha,0.35,52,adult,xgboost,0.8367879625364655,1.0475825464744883,0.07723015507446646
ema_alpha,0.5,52,adult,xgboost,0.8367879625364655,1.056865666971018,0.07968678028558268
ema_alpha,0.7,52,adult,xgboost,0.8367879625364655,1.052613455653041,0.07845846768002457
ema_alpha,1.0,52,adult,xgboost,0.8352525717795178,1.0513724642658893,0.07692307692307693
warmup,5.0,52,adult,xgboost,0.8367879625364655,1.0485115791146211,0.07692307692307693
warmup,15.0,52,adult,xgboost,0.8367879625364655,1.0485115791146211,0.07692307692307693
warmup,30.0,52,adult,xgboost,0.8367879625364655,1.0485115791146211,0.07692307692307693
warmup,50.0,52,adult,xgboost,0.8367879625364655,1.0475825464744883,0.07723015507446646
warmup,100.0,52,adult,xgboost,0.8372485797635498,1.0405947382417269,0.07738369415016122
warmup,200.0,52,adult,xgboost,0.837095040687855,1.0426112167421218,0.07692307692307693
max_deviation,0.02,52,adult,xgboost,0.8524489482573315,0.9114660473048786,0.0735452172577921
max_deviation,0.05,52,adult,xgboost,0.8489175495163519,0.9608849968615091,0.07216336557653923
max_deviation,0.08,52,adult,xgboost,0.8438507600184247,1.0117337140856275,0.0713956701980654
max_deviation,0.12,52,adult,xgboost,0.8367879625364655,1.0475825464744883,0.07723015507446646
max_deviation,0.15,52,adult,xgboost,0.8297251650545063,1.0084116636598404,0.08797789037309996
max_deviation,0.2,52,adult,xgboost,0.8340242591739597,0.9908429703434415,0.08859204667587901
lambda_cap,1.0,52,adult,xgboost,0.831260555811454,1.0925319925007742,0.07692307692307693
lambda_cap,2.0,52,adult,xgboost,0.8303393213572854,1.0723582803173108,0.07784431137724551
lambda_cap,3.0,52,adult,xgboost,0.8361738062336864,1.0307837376284978,0.07508060801473976
lambda_cap,5.0,52,adult,xgboost,0.8367879625364655,1.0475825464744883,0.07723015507446646
lambda_cap,8.0,52,adult,xgboost,0.8378627360663289,1.0326359024095002,0.07707661599877169
lambda_cap,10.0,52,adult,xgboost,0.8383233532934131,1.0296097434530564,0.07753723322585598
accuracy_floor,0.001,52,adult,xgboost,0.8315676339628435,1.0543958300607394,0.07600184246890834
accuracy_floor,0.01,52,adult,xgboost,0.8315676339628435,1.0543958300607394,0.07600184246890834
accuracy_floor,0.02,52,adult,xgboost,0.8367879625364655,1.0475825464744883,0.07723015507446646
accuracy_floor,0.05,52,adult,xgboost,0.837095040687855,1.0356406625523018,0.07784431137724551
accuracy_floor,0.1,52,adult,xgboost,0.8375556579149394,1.010760893206699,0.07554122524182405
accuracy_floor,0.2,52,adult,xgboost,0.8381698142177184,1.012123743955516,0.07492706893904498
eta,0.01,52,compas,xgboost,0.6903323262839879,0.9935024457643808,0.13821752265861026
eta,0.05,52,compas,xgboost,0.6903323262839879,0.9935024457643808,0.13821752265861026
eta,0.1,52,compas,xgboost,0.6880664652567976,1.002531993253176,0.14577039274924472
eta,0.25,52,compas,xgboost,0.68202416918429,0.9997836851328065,0.17900302114803626
eta,0.5,52,compas,xgboost,0.6835347432024169,0.9938366305963063,0.18429003021148035
eta,1.0,52,compas,xgboost,0.6669184290030211,1.0441170661985635,0.1986404833836858
ema_alpha,0.05,52,compas,xgboost,0.6907099697885196,0.9931686152004525,0.13783987915407855
ema_alpha,0.1,52,compas,xgboost,0.6903323262839879,0.9935024457643808,0.13821752265861026
ema_alpha,0.2,52,compas,xgboost,0.6899546827794562,0.9918710788583637,0.13783987915407855
ema_alpha,0.35,52,compas,xgboost,0.6899546827794562,0.9918710788583637,0.13783987915407855
ema_alpha,0.5,52,compas,xgboost,0.6899546827794562,0.9918710788583637,0.13783987915407855
ema_alpha,0.7,52,compas,xgboost,0.6899546827794562,0.9918710788583637,0.13783987915407855
ema_alpha,1.0,52,compas,xgboost,0.6899546827794562,0.9918710788583637,0.13783987915407855
warmup,5.0,52,compas,xgboost,0.6903323262839879,0.9935024457643808,0.13821752265861026
warmup,15.0,52,compas,xgboost,0.6903323262839879,0.9935024457643808,0.13821752265861026
warmup,30.0,52,compas,xgboost,0.6903323262839879,0.9935024457643808,0.13821752265861026
warmup,50.0,52,compas,xgboost,0.6903323262839879,0.9935024457643808,0.13821752265861026
warmup,100.0,52,compas,xgboost,0.6899546827794562,0.9931686152004525,0.13783987915407855
warmup,200.0,52,compas,xgboost,0.6907099697885196,0.9951391878496598,0.138595166163142
max_deviation,0.02,52,compas,xgboost,0.6948640483383686,0.9961179165281763,0.13746223564954682
max_deviation,0.05,52,compas,xgboost,0.6903323262839879,0.9935024457643808,0.13821752265861026
max_deviation,0.08,52,compas,xgboost,0.6903323262839879,0.9935024457643808,0.13821752265861026
max_deviation,0.12,52,compas,xgboost,0.6903323262839879,0.9935024457643808,0.13821752265861026
max_deviation,0.15,52,compas,xgboost,0.6903323262839879,0.9935024457643808,0.13821752265861026
max_deviation,0.2,52,compas,xgboost,0.6903323262839879,0.9935024457643808,0.13821752265861026
lambda_cap,1.0,52,compas,xgboost,0.6903323262839879,0.9935024457643808,0.13821752265861026
lambda_cap,2.0,52,compas,xgboost,0.6903323262839879,0.9935024457643808,0.13821752265861026
lambda_cap,3.0,52,compas,xgboost,0.6903323262839879,0.9935024457643808,0.13821752265861026
lambda_cap,5.0,52,compas,xgboost,0.6903323262839879,0.9935024457643808,0.13821752265861026
lambda_cap,8.0,52,compas,xgboost,0.6903323262839879,0.9935024457643808,0.13821752265861026
lambda_cap,10.0,52,compas,xgboost,0.6903323262839879,0.9935024457643808,0.13821752265861026
accuracy_floor,0.001,52,compas,xgboost,0.6895770392749244,0.9928336828854883,0.13746223564954682
accuracy_floor,0.01,52,compas,xgboost,0.6903323262839879,0.9935024457643808,0.13821752265861026
accuracy_floor,0.02,52,compas,xgboost,0.6903323262839879,0.9935024457643808,0.13821752265861026
accuracy_floor,0.05,52,compas,xgboost,0.6895770392749244,0.988963438926164,0.13746223564954682
accuracy_floor,0.1,52,compas,xgboost,0.6899546827794562,0.9899740445805181,0.138595166163142
accuracy_floor,0.2,52,compas,xgboost,0.6903323262839879,0.9851683453349817,0.13746223564954682
eta,0.01,62,adult,xgboost,0.8407799785045295,1.0021109865824072,0.07477352986335022
eta,0.05,62,adult,xgboost,0.8389375095961922,0.9898136473728222,0.07108859204667588
eta,0.1,62,adult,xgboost,0.8380162751420236,0.9950715320379273,0.0713956701980654
eta,0.25,62,adult,xgboost,0.8389375095961922,0.9817738311757783,0.06955320128972824
eta,0.5,62,adult,xgboost,0.8384768923691079,0.983845083984166,0.069706740365423
eta,1.0,62,adult,xgboost,0.8381698142177184,0.9768988093218902,0.06847842775986489
ema_alpha,0.05,62,adult,xgboost,0.8383233532934131,0.983898084311914,0.06955320128972824
ema_alpha,0.1,62,adult,xgboost,0.8387839705204975,0.9950410451105861,0.07154920927376017
ema_alpha,0.2,62,adult,xgboost,0.8378627360663289,0.9971664194737967,0.07154920927376017
ema_alpha,0.35,62,adult,xgboost,0.8380162751420236,0.9950715320379273,0.0713956701980654
ema_alpha,0.5,62,adult,xgboost,0.8380162751420236,0.9950715320379273,0.0713956701980654
ema_alpha,0.7,62,adult,xgboost,0.8380162751420236,0.9950715320379273,0.0713956701980654
ema_alpha,1.0,62,adult,xgboost,0.8380162751420236,0.9950715320379273,0.0713956701980654
warmup,5.0,62,adult,xgboost,0.8380162751420236,0.9950715320379273,0.0713956701980654
warmup,15.0,62,adult,xgboost,0.8380162751420236,0.9950715320379273,0.0713956701980654
warmup,30.0,62,adult,xgboost,0.8380162751420236,0.9950715320379273,0.0713956701980654
warmup,50.0,62,adult,xgboost,0.8380162751420236,0.9950715320379273,0.0713956701980654
warmup,100.0,62,adult,xgboost,0.8380162751420236,0.9950715320379273,0.0713956701980654
warmup,200.0,62,adult,xgboost,0.8387839705204975,0.9950410451105861,0.07154920927376017
max_deviation,0.02,62,adult,xgboost,0.8513741747274681,0.8946363328457054,0.0804544756640565
max_deviation,0.05,62,adult,xgboost,0.8492246276677414,0.944429452182758,0.08076155381544603
max_deviation,0.08,62,adult,xgboost,0.8450790726239829,0.9569620989275659,0.07692307692307693
max_deviation,0.12,62,adult,xgboost,0.8380162751420236,0.9950715320379273,0.0713956701980654
max_deviation,0.15,62,adult,xgboost,0.8352525717795178,1.0343154846948794,0.06955320128972824
max_deviation,0.2,62,adult,xgboost,0.8324888684170121,1.0060572896478868,0.07477352986335022
lambda_cap,1.0,62,adult,xgboost,0.8389375095961922,0.9878529261056593,0.07047443574389682
lambda_cap,2.0,62,adult,xgboost,0.839705204974666,0.9907636737407847,0.07154920927376017
lambda_cap,3.0,62,adult,xgboost,0.839091048671887,0.9919844435207466,0.07093505297098111
lambda_cap,5.0,62,adult,xgboost,0.8380162751420236,0.9950715320379273,0.0713956701980654
lambda_cap,8.0,62,adult,xgboost,0.8393981268232765,0.9897721861933921,0.07124213112237064
lambda_cap,10.0,62,adult,xgboost,0.8393981268232765,0.9897721861933921,0.07124213112237064
accuracy_floor,0.001,62,adult,xgboost,0.8381698142177184,0.9909207923358011,0.07093505297098111
accuracy_floor,0.01,62,adult,xgboost,0.8381698142177184,0.9909207923358011,0.07093505297098111
accuracy_floor,0.02,62,adult,xgboost,0.8380162751420236,0.9950715320379273,0.0713956701980654
accuracy_floor,0.05,62,adult,xgboost,0.8387839705204975,0.9868345210271998,0.07032089666820206
accuracy_floor,0.1,62,adult,xgboost,0.8401658222017504,0.9752059207160204,0.06986027944111776
accuracy_floor,0.2,62,adult,xgboost,0.8404729003531399,0.9640364970505012,0.07200982650084446
eta,0.01,62,compas,xgboost,0.6993957703927492,1.0044420250408275,0.10800604229607251
eta,0.05,62,compas,xgboost,0.6937311178247734,1.005492924764995,0.1197129909365559
eta,0.1,62,compas,xgboost,0.6895770392749244,1.0232872333624565,0.13670694864048338
eta,0.25,62,compas,xgboost,0.6808912386706949,1.0437158351174238,0.1491691842900302
eta,0.5,62,compas,xgboost,0.6797583081570997,1.0238119505669512,0.14350453172205438
eta,1.0,62,compas,xgboost,0.6827794561933535,1.01550515989298,0.14652567975830816
ema_alpha,0.05,62,compas,xgboost,0.6925981873111783,1.01271710722202,0.12386706948640483
ema_alpha,0.1,62,compas,xgboost,0.6937311178247734,1.005492924764995,0.1197129909365559
ema_alpha,0.2,62,compas,xgboost,0.6937311178247734,1.005492924764995,0.1197129909365559
ema_alpha,0.35,62,compas,xgboost,0.6937311178247734,1.005492924764995,0.1197129909365559
ema_alpha,0.5,62,compas,xgboost,0.6937311178247734,1.005492924764995,0.1197129909365559
ema_alpha,0.7,62,compas,xgboost,0.6959969788519638,1.0080313948374438,0.11895770392749244
ema_alpha,1.0,62,compas,xgboost,0.6948640483383686,1.0123487370609825,0.11933534743202417
warmup,5.0,62,compas,xgboost,0.6937311178247734,1.005492924764995,0.1197129909365559
warmup,15.0,62,compas,xgboost,0.6937311178247734,1.005492924764995,0.1197129909365559
warmup,30.0,62,compas,xgboost,0.6937311178247734,1.005492924764995,0.1197129909365559
warmup,50.0,62,compas,xgboost,0.6937311178247734,1.005492924764995,0.1197129909365559
warmup,100.0,62,compas,xgboost,0.6937311178247734,1.005492924764995,0.1197129909365559
warmup,200.0,62,compas,xgboost,0.6941087613293051,1.0073688444007507,0.12009063444108761
max_deviation,0.02,62,compas,xgboost,0.695619335347432,0.987001548006192,0.10347432024169184
max_deviation,0.05,62,compas,xgboost,0.6959969788519638,1.0048984564460333,0.11518126888217523
max_deviation,0.08,62,compas,xgboost,0.6959969788519638,1.0048732441658739,0.11895770392749244
max_deviation,0.12,62,compas,xgboost,0.6937311178247734,1.005492924764995,0.1197129909365559
max_deviation,0.15,62,compas,xgboost,0.6937311178247734,1.005492924764995,0.1197129909365559
max_deviation,0.2,62,compas,xgboost,0.6937311178247734,1.005492924764995,0.1197129909365559
lambda_cap,1.0,62,compas,xgboost,0.6948640483383686,1.0033035815162128,0.11706948640483383
lambda_cap,2.0,62,compas,xgboost,0.6937311178247734,1.005492924764995,0.1197129909365559
lambda_cap,3.0,62,compas,xgboost,0.6937311178247734,1.005492924764995,0.1197129909365559
lambda_cap,5.0,62,compas,xgboost,0.6937311178247734,1.005492924764995,0.1197129909365559
lambda_cap,8.0,62,compas,xgboost,0.6937311178247734,1.005492924764995,0.1197129909365559
lambda_cap,10.0,62,compas,xgboost,0.6937311178247734,1.005492924764995,0.1197129909365559
accuracy_floor,0.001,62,compas,xgboost,0.6933534743202417,1.0155284935746485,0.12235649546827794
accuracy_floor,0.01,62,compas,xgboost,0.6933534743202417,1.0155284935746485,0.12235649546827794
accuracy_floor,0.02,62,compas,xgboost,0.6937311178247734,1.005492924764995,0.1197129909365559
accuracy_floor,0.05,62,compas,xgboost,0.6918429003021148,1.0107518296739852,0.12235649546827794
accuracy_floor,0.1,62,compas,xgboost,0.6910876132930514,1.0167019641148582,0.1336858006042296
accuracy_floor,0.2,62,compas,xgboost,0.6891993957703928,1.013547769810469,0.131797583081571
