seed,dataset,model,method,order_protocol,coda_threshold_updates,coda_damping_events,coda_lambda_mean,coda_lambda_max,coda_lambda_final,coda_dpr_mean,coda_dpr_std,coda_tau_initial_group_0,coda_tau_final_group_0,coda_tau_mean_group_0,coda_tau_range_group_0,coda_tau_initial_group_1,coda_tau_final_group_1,coda_tau_mean_group_1,coda_tau_range_group_1
42,adult,logistic_regression,coda,natural,4393.0,1743.0,4.442414478128374,5.0,0.9900928157822568,0.6743542950986734,0.21382589863463483,0.4,0.2800611420500223,0.2914920689817343,0.11999999999999944,0.7,0.6798383151399886,0.6700292835885902,0.18521201446643565
42,adult,xgboost,coda,natural,4829.0,2229.0,4.253923455469827,5.0,1.9802985473739532,0.7099342052501033,0.1810625358726491,0.25,0.13033174720468235,0.1375537427315135,0.11999999999999994,0.6,0.6282436927372296,0.5901499537550662,0.1807595965726826
42,compas,logistic_regression,coda,natural,1550.0,652.0,0.2067967181895378,1.5264215562865804,0.0,0.8827945064717205,0.0930066509745048,0.45,0.37258829199576166,0.3951710534560121,0.08566913771340762,0.55,0.5397702467876001,0.548503272111787,0.03513532788674423
42,compas,xgboost,coda,natural,2056.0,493.0,0.9995707632689306,3.9945958150064387,0.49521114907397606,0.8161762265830885,0.13866950972224915,0.5,0.3832342223178074,0.42757034902809743,0.11999999999999972,0.6,0.5276902358837974,0.5769995206255912,0.1287339294346994
42,german_credit,logistic_regression,coda,natural,42.0,21.0,0.004899054895770728,0.0371852326437074,0.0,0.8994379133349244,0.12852777547928548,0.3,0.30005803209862597,0.30004009898519934,5.80320986259264e-05,0.3,0.299806559671247,0.29986633671600255,0.0001934403287530695
42,german_credit,xgboost,coda,natural,169.0,30.0,0.31598904441415643,0.6367988833774682,0.5875402406364144,0.7728591552800238,0.10255188465100902,0.5,0.5062909715577548,0.5019163915336784,0.006290971557754821,0.75,0.7290300948074829,0.7436120282210714,0.02096990519251707
42,bank_marketing,logistic_regression,coda,natural,1578.0,555.0,0.6549243326917968,2.254857150564055,0.5700661790744743,0.8294577339723166,0.13518362082224616,0.55,0.44904362607234116,0.4752918304281778,0.1368957267212504,0.55,0.4310961095484578,0.4640323852725031,0.11999999999999988
42,bank_marketing,xgboost,coda,natural,1745.0,438.0,2.0190545213958386,5.0,2.424402055142288,0.8100492498824847,0.11599708116632829,0.55,0.43000426869223785,0.5001635198615925,0.23999987538480339,0.55,0.5508125088363252,0.48139735923300564,0.23999999999999844
42,recruitment,logistic_regression,coda,natural,17958.0,3020.0,3.0835238004770384,5.0,3.2297816381696114,0.7698922288255654,0.1533362507977017,0.5,0.3800007176051319,0.4167496906931092,0.2399999999999996,0.5,0.6006105791635707,0.5037788030980304,0.2399999999999996
42,recruitment,xgboost,coda,natural,17724.0,3658.0,3.643320506211456,5.0,5.0,0.7767236800717245,0.15033618000293417,0.5,0.38208452949224136,0.4235014578740177,0.2399999997927501,0.45,0.4286187074403721,0.44184144425310934,0.23999999999999955
52,adult,logistic_regression,coda,natural,4603.0,2646.0,3.906673063270256,5.0,1.8790065220908145,0.7648522467215529,0.17150866629587164,0.15,0.050145357201902885,0.10835724721814168,0.2199999999999999,0.6,0.5336763234562457,0.5370639545020239,0.2399999999994979
52,adult,xgboost,coda,natural,4798.0,2832.0,4.226978419949082,5.0,5.0,0.7755324924024675,0.14566405165218096,0.15,0.20683325067295508,0.09826819521795786,0.21999999999968403,0.6,0.48000000000000004,0.5485879767006903,0.23999999999999994
52,compas,logistic_regression,coda,natural,1568.0,639.0,0.19716796941719716,0.9738206769176201,0.050103995247754295,0.8846841696426044,0.0901376281907392,0.4,0.3755351132371987,0.39233242409465596,0.02709462223159098,0.55,0.48906364739616415,0.529305952333396,0.06590736558665355
52,compas,xgboost,coda,natural,1805.0,651.0,0.1491720163558859,0.8925341686065417,0.8925341686065417,0.8775209850014746,0.08226299903741621,0.4,0.359707776565622,0.3889080240254586,0.04030467272009636,0.55,0.5317315006408165,0.540944757435521,0.025666954909807305
52,german_credit,logistic_regression,coda,natural,132.0,120.0,0.5349141903270905,2.469393852134627,2.469393852134627,0.820749886399626,0.15985708750299849,0.6,0.567296131653975,0.5990301117812432,0.03658850513861622,0.55,0.5478927911535326,0.5421509808322302,0.01301293031472861
52,german_credit,xgboost,coda,natural,30.0,28.0,0.0019711659604639865,0.024105026864303405,0.0,0.8932675201607961,0.15316438149018632,0.3,0.3000073226935205,0.3000046105587269,9.0077233662611e-06,0.35,0.3499693181060509,0.3499798031111348,3.116903591587894e-05
52,bank_marketing,logistic_regression,coda,natural,1703.0,645.0,1.6814246267579303,4.4978270279613515,2.679917585656344,0.8188126757544628,0.12568015900740653,0.55,0.44946422729379465,0.4866668790355037,0.16042021283488728,0.55,0.45207854537678993,0.4429526297402258,0.11999999999999988
52,bank_marketing,xgboost,coda,natural,1696.0,851.0,0.4816261721953725,1.9234661298972828,0.9693604088789509,0.8359099140267351,0.11798456751535377,0.45,0.34869251234224463,0.4241360542099823,0.1422031163229825,0.45,0.33128058200611854,0.3718264842223164,0.12
52,recruitment,logistic_regression,coda,natural,17440.0,2773.0,2.012666805913629,5.0,4.763817030122045,0.77707793068612,0.15752633327938861,0.5,0.5812710074485609,0.4077106849159693,0.2399999830474132,0.5,0.3809702256620222,0.4815609388048522,0.2399999999826179
52,recruitment,xgboost,coda,natural,16982.0,2967.0,1.7680053076104618,5.0,3.081423929963275,0.7842536479683964,0.15821203656098928,0.5,0.474659122007079,0.4059303056733421,0.23999999999999988,0.45,0.3301645523761779,0.4316539424671023,0.23999999999999977
62,adult,logistic_regression,coda,natural,3770.0,2187.0,4.706383324299286,5.0,3.816118527536666,0.5828589006809364,0.2667544362439737,0.6,0.49133999999997646,0.5208265128853659,0.23999999999999994,0.85,0.8998051858298759,0.8350521074129322,0.21999999999999953
62,adult,xgboost,coda,natural,4707.0,2814.0,3.3522878706680714,5.0,3.7876244052704386,0.7404483874376745,0.1789171768765849,0.2,0.08875845379951788,0.10672082647763978,0.13198892529817938,0.65,0.543963784390225,0.5638431287355369,0.12126481294402391
62,compas,logistic_regression,coda,natural,1517.0,615.0,0.13132197163964884,0.8567980038962147,7.018750211943191e-05,0.8923772919514402,0.08159186533581217,0.4,0.3532324371528478,0.38387784049274476,0.06326159224823819,0.55,0.4617725391214945,0.508766069175478,0.08855067379270015
62,compas,xgboost,coda,natural,1661.0,605.0,0.358554179244032,1.8089588337710232,0.2096520560379966,0.8689324920715316,0.09610409725603034,0.45,0.37433958917789417,0.41769882962375515,0.09204308225359797,0.6,0.5277998778817747,0.5755608689697022,0.07220902438376675
62,german_credit,logistic_regression,coda,natural,112.0,77.0,0.018046617193185416,0.07119126521706692,0.0,0.8704418046143155,0.10905649348071404,0.25,0.24938231086639095,0.24980698273783142,0.0006176891336090451,0.45,0.4501853067400825,0.45005790517865063,0.00018530674008249148
62,german_credit,xgboost,coda,natural,68.0,61.0,0.013643268587680201,0.06755496176786369,0.0,0.9002634239623307,0.11664836310325946,0.15,0.149914988008167,0.14994188130744934,8.609371091045093e-05,0.35,0.35002221280666523,0.35001700439744254,2.5828113273063114e-05
62,bank_marketing,logistic_regression,coda,natural,1711.0,273.0,3.326157582409792,5.0,5.0,0.797983346698458,0.12419243298269907,0.6,0.48032665388987356,0.5408462086990442,0.18498380358533884,0.6,0.5551147389106135,0.5289769429276343,0.13622249633342692
62,bank_marketing,xgboost,coda,natural,1640.0,600.0,1.5605933454127159,5.0,1.6202694918974065,0.8516833001542433,0.10425064757192348,0.45,0.3310152528159833,0.3997124421645664,0.15795914106095332,0.45,0.3512247928473517,0.3701172870631981,0.23999999991459076
62,recruitment,logistic_regression,coda,natural,18136.0,290.0,2.3113706983149642,5.0,2.849554430752763,0.7625592386686303,0.15613511223914361,0.55,0.4300017548835765,0.4549725616777633,0.22146760758647543,0.5,0.48587628498947727,0.507271015216589,0.2399999999976259
62,recruitment,xgboost,coda,natural,18138.0,3311.0,3.8207886002544904,5.0,5.0,0.7711777529954179,0.1523488907633643,0.5,0.38000177616994024,0.39022226266653826,0.11999999999999933,0.45,0.36296008952906117,0.4194431415909941,0.23999999999995336
