seed,dataset,model,method,order_protocol,n_samples,accuracy,balanced_accuracy,precision,recall,f1,privileged_positive_rate,unprivileged_positive_rate,demographic_parity_ratio,demographic_parity_difference,privileged_tpr,unprivileged_tpr,privileged_fpr,unprivileged_fpr,tpr_gap,fpr_gap,equalized_odds_gap,fairness_pass,roc_auc,intervention_rate,total_interventions,rolling_avg_dpr,rolling_min_dpr,rolling_fair_rate,rolling_max_eo_gap,rolling_tail_avg_dpr,rolling_tail_fair_rate,rolling_tail_max_eo_gap,accuracy_delta_vs_base,dpr_delta_vs_base,eo_gap_delta_vs_base,intervention_delta_vs_base,guard_activation_rate,guard_activation_events,guard_candidate_rate,guard_accept_rate,guard_accept_given_candidate,base_accuracy,base_demographic_parity_ratio,coda_threshold_updates,coda_damping_events,coda_lambda_mean,coda_lambda_max,coda_lambda_final,coda_dpr_mean,coda_dpr_std,coda_tau_initial_group_0,coda_tau_final_group_0,coda_tau_mean_group_0,coda_tau_range_group_0,coda_tau_initial_group_1,coda_tau_final_group_1,coda_tau_mean_group_1,coda_tau_range_group_1
42,adult,logistic_regression,base_model,natural,6513.0,0.8536772608628896,0.7697143708342791,0.7381874515879163,0.607780612244898,0.6666666666666667,0.2571100917431193,0.07895959126799815,0.30710420867838706,-0.17815050047512113,0.6172932330827068,0.5546218487394958,0.09900990099009901,0.019843342036553524,-0.06267138434321096,-0.07916655895354549,0.07916655895354549,0.0,0.9017356095623285,0.0,0.0,0.34498160800241656,0.0,0.0856748042376785,1.0,0.3468283676746505,0.08602816029707566,1.0,0.0,0.0,0.0,0.0,,,,,,,,,,,,,,,,,,,,,,
42,adult,logistic_regression,group_threshold,natural,6513.0,0.8361738062336864,0.6956889302738285,0.8014440433212996,0.4247448979591837,0.5552313463943309,0.14128440366972478,0.09986065954482118,0.7068059669081499,-0.0414237441249036,0.3879699248120301,0.6302521008403361,0.033003300330033,0.033942558746736295,0.24228217602830604,0.0009392584167032952,0.24228217602830604,0.0,0.9017356095623285,0.08444649163212037,550.0,0.8854475563466805,0.0,0.4133271917703055,1.0,0.8910584541033021,0.4162153798545567,1.0,-0.01750345462920322,0.39970175822976284,0.16311561707476055,0.08444649163212037,,,,,,,,,,,,,,,,,,,,,,
42,adult,logistic_regression,guard_threshold,natural,6513.0,0.8400122831260556,0.7091050019603392,0.7902869757174393,0.45663265306122447,0.5788197251414712,0.1596330275229358,0.09753831862517418,0.6110159040312635,-0.062094708897761614,0.42781954887218043,0.6176470588235294,0.04191419141914191,0.03289817232375979,0.189827509951349,-0.009016019095382119,0.189827509951349,0.0,0.9017356095623285,0.0713956701980654,465.0,0.7400404247849204,0.0,0.33578995854444954,1.0,0.7448623303724883,0.33807829181494664,1.0,-0.01366497773683406,0.30391169535287643,0.11066095099780351,0.0713956701980654,0.8337171810225702,213.0,0.08444649163212037,0.0713956701980654,0.8454545454545455,,,,,,,,,,,,,,,,,
42,adult,logistic_regression,universal_rl,natural,6513.0,0.8157531091662829,0.751708139019005,0.614856429463171,0.6281887755102041,0.6214511041009464,0.2571100917431193,0.22340919647004182,0.8689242610253187,-0.03370089527307746,0.6172932330827068,0.6890756302521008,0.09900990099009901,0.16553524804177547,0.07178239716939405,0.06652534705167645,0.07178239716939405,1.0,0.9017356095623285,0.047750652541071706,311.0,0.9154600981296735,0.0,0.6066328880700138,1.0,0.9148976300984957,0.6048274794986849,1.0,-0.03792415169660679,0.5618200523469317,-0.007384161784151438,0.047750652541071706,,,,,,0.8536772608628896,0.30710420867838706,,,,,,,,,,,,,,,
42,adult,logistic_regression,coda,natural,6513.0,0.8363273453093812,0.7103803187098904,0.7603734439834025,0.4674744897959184,0.5789889415481833,0.1555045871559633,0.13283790060380865,0.8542378268917489,-0.022666686552154647,0.4218045112781955,0.7226890756302521,0.03861386138613861,0.05953002610966057,0.30088456435205657,0.02091616472352196,0.30088456435205657,1.0,0.9017356095623285,0.08582834331337326,559.0,1.0728167866331761,0.0,0.5195762321510824,1.0,1.0798772374633434,0.5232863995048739,1.0,-0.0173499155535084,0.5471336182133618,0.22171800539851108,0.08582834331337326,,,,,,,,4393.0,1743.0,4.442414478128374,5.0,0.9900928157822568,0.6743542950986734,0.21382589863463483,0.4,0.2800611420500223,0.2914920689817343,0.11999999999999944,0.7,0.6798383151399886,0.6700292835885902,0.18521201446643565
42,adult,xgboost,base_model,natural,6513.0,0.8694917856594503,0.7923237887167001,0.7761538461538462,0.6434948979591837,0.7036262203626221,0.25779816513761467,0.08174640037157455,0.31709457795379453,-0.17605176476604012,0.6511278195488722,0.6008403361344538,0.08514851485148515,0.01723237597911227,-0.050287483414418466,-0.06791613887237288,0.06791613887237288,0.0,0.9212129341119664,0.0,0.0,0.35548417892122186,0.0,0.0821434054966989,1.0,0.3574121901091514,0.0824694414358657,1.0,0.0,0.0,0.0,0.0,,,,,,,,,,,,,,,,,,,,,,
42,adult,xgboost,group_threshold,natural,6513.0,0.8616612927990174,0.7712701966529787,0.7767634854771784,0.5969387755102041,0.6750811395600433,0.20711009174311926,0.14026939154667906,0.6772697089075534,-0.0668407001964402,0.5631578947368421,0.7857142857142857,0.050825082508250824,0.06005221932114883,0.22255639097744362,0.009227136812898003,0.22255639097744362,0.0,0.9212129341119664,0.05327805926608322,347.0,0.8085953137646376,0.0,0.38031629049593124,1.0,0.8066743835534234,0.378152560730311,0.9166666666666666,-0.007830492860432914,0.3601751309537589,0.15464025210507074,0.05327805926608322,,,,,,,,,,,,,,,,,,,,,,
42,adult,xgboost,guard_threshold,natural,6513.0,0.8647320743129127,0.778736574255587,0.7781376518218623,0.6128826530612245,0.6856938993935069,0.21834862385321102,0.13144449605202044,0.6019937004063121,-0.08690412780119058,0.5849624060150376,0.7689075630252101,0.05742574257425743,0.05221932114882506,0.18394515701017256,-0.005206421425432366,0.18394515701017256,0.0,0.9212129341119664,0.04283740211883925,279.0,0.7191213474444048,0.0,0.2972516505450637,1.0,0.7238029843765295,0.29924183815565525,0.9166666666666666,-0.004759711346537632,0.28489912245251753,0.11602901813779967,0.04283740211883925,0.8177491171503147,211.0,0.05327805926608322,0.04283740211883925,0.8040345821325648,,,,,,,,,,,,,,,,,
42,adult,xgboost,universal_rl,natural,6513.0,0.828650391524643,0.7708720672293184,0.6398514851485149,0.6594387755102041,0.6494974874371859,0.25779816513761467,0.22851834649326522,0.8864234792799256,-0.029279818644349448,0.6511278195488722,0.7058823529411765,0.08514851485148515,0.1691906005221932,0.054754533392304294,0.08404208567070805,0.08404208567070805,1.0,0.9212129341119664,0.048518347919545526,316.0,0.9276194279539267,0.0,0.6302779057270075,1.0,0.9271510286974995,0.6286554231780906,1.0,-0.04084139413480725,0.5693289013261311,0.016125946798335164,0.048518347919545526,,,,,,0.8694917856594503,0.31709457795379453,,,,,,,,,,,,,,,
42,adult,xgboost,coda,natural,6513.0,0.852141870105942,0.7706631363364355,0.7293404094010614,0.6135204081632653,0.6664357464496017,0.21284403669724772,0.18160705991639572,0.8532400659865144,-0.031236976780851994,0.5729323308270676,0.8403361344537815,0.05478547854785479,0.09973890339425587,0.2674038036267139,0.04495342484640108,0.2674038036267139,1.0,0.9212129341119664,0.06310456011054813,411.0,1.034694212738775,0.0,0.5079072623982803,1.0,1.0345224616933828,0.5067306204548971,0.9166666666666666,-0.01734991555350829,0.5361454880327199,0.19948766475434102,0.06310456011054813,,,,,,,,4829.0,2229.0,4.253923455469827,5.0,1.9802985473739532,0.7099342052501033,0.1810625358726491,0.25,0.13033174720468235,0.1375537427315135,0.11999999999999994,0.6,0.6282436927372296,0.5901499537550662,0.1807595965726826
42,compas,logistic_regression,base_model,natural,2648.0,0.6623867069486404,0.6623836254107338,0.6634036144578314,0.6634036144578314,0.6634036144578314,0.669,0.39987864077669905,0.5977259204434963,-0.269121359223301,0.7871198568872988,0.5734720416124838,0.5192743764172335,0.24800910125142206,-0.21364781527481502,-0.27126527516581145,0.27126527516581145,0.0,0.7139680882621394,0.0,0.0,0.6134804582247924,0.0,0.1559667673716012,1.0,0.6165209813440162,0.1581986143187067,0.8015873015873015,0.0,0.0,0.0,0.0,,,,,,,,,,,,,,,,,,,,,,
42,compas,logistic_regression,group_threshold,natural,2648.0,0.6570996978851964,0.6570144213216502,0.65,0.6852409638554217,0.6671554252199413,0.587,0.4933252427184466,0.8404177899803179,-0.09367475728155339,0.7155635062611807,0.6631989596879063,0.42403628117913833,0.3447098976109215,-0.052364546573274384,-0.07932638356821681,0.07932638356821681,1.0,0.7139680882621394,0.0891238670694864,236.0,0.8633202658988396,0.0,0.5585347432024169,1.0,0.8674143761396661,0.5658198614318707,0.6515151515151516,-0.005287009063444037,0.24269186953682165,-0.19193889159759464,0.0891238670694864,,,,,,,,,,,,,,,,,,,,,,
42,compas,logistic_regression,guard_threshold,natural,2648.0,0.6586102719033232,0.6585615188024827,0.6549707602339181,0.6746987951807228,0.6646884272997032,0.605,0.46298543689320387,0.7652651849474444,-0.1420145631067961,0.7280858676207513,0.635890767230169,0.4489795918367347,0.3117178612059158,-0.09219510039058232,-0.13726173063081887,0.13726173063081887,0.0,0.7139680882621394,0.0634441087613293,168.0,0.7857579284539052,0.0,0.40294561933534745,1.0,0.7921140302919344,0.40993071593533487,0.6515151515151516,-0.003776435045317217,0.16753926450394818,-0.13400354453499258,0.0634441087613293,0.7020392749244713,77.0,0.0891238670694864,0.0634441087613293,0.711864406779661,,,,,,,,,,,,,,,,,
42,compas,logistic_regression,universal_rl,natural,2648.0,0.6049848942598187,0.604381161007667,0.5760517799352751,0.8042168674698795,0.6712759270898806,0.669,0.7190533980582524,1.0748182332709304,0.050053398058252374,0.7871198568872988,0.8166449934980494,0.5192743764172335,0.6336746302616609,0.029525136610750624,0.11440025384442742,0.11440025384442742,1.0,0.7139680882621394,0.1986404833836858,526.0,1.0829416487792498,0.0,0.9905589123867069,1.0,1.0839205405537298,0.9919168591224018,0.5909090909090909,-0.05740181268882172,0.47709231282743414,-0.15686502132138402,0.1986404833836858,,,,,,0.6623867069486404,0.5977259204434963,,,,,,,,,,,,,,,
42,compas,logistic_regression,coda,natural,2648.0,0.6435045317220544,0.6432046367287332,0.6209068010075567,0.7424698795180723,0.6762688614540467,0.593,0.6037621359223301,1.0181486271877405,0.010762135922330107,0.7280858676207513,0.752925877763329,0.4217687074829932,0.4732650739476678,0.02484001014257764,0.05149636646467459,0.05149636646467459,1.0,0.7139680882621394,0.1555891238670695,412.0,1.0409142460112306,0.0,0.8379909365558912,1.0,1.0484262542526803,0.850654349499615,0.7368421052631579,-0.018882175226586084,0.4204227067442442,-0.21976890870113686,0.1555891238670695,,,,,,,,1550.0,652.0,0.2067967181895378,1.5264215562865804,0.0,0.8827945064717205,0.0930066509745048,0.45,0.37258829199576166,0.3951710534560121,0.08566913771340762,0.55,0.5397702467876001,0.548503272111787,0.03513532788674423
42,compas,xgboost,base_model,natural,2648.0,0.7061933534743202,0.7061632895217232,0.7034023668639053,0.7161144578313253,0.7097014925373135,0.667,0.41565533980582525,0.6231714239967395,-0.2513446601941748,0.8479427549194991,0.6202860858257477,0.4376417233560091,0.2366325369738339,-0.22765666909375137,-0.2010091863821752,0.22765666909375137,0.0,0.7761420682730924,0.0,0.0,0.6446708347324672,0.0,0.19977341389728095,1.0,0.6483223354665214,0.20284834488067743,0.7564102564102564,0.0,0.0,0.0,0.0,,,,,,,,,,,,,,,,,,,,,,
42,compas,xgboost,group_threshold,natural,2648.0,0.6948640483383686,0.6950278386272362,0.7199661590524534,0.6408132530120482,0.6780876494023904,0.497,0.41565533980582525,0.8363286515207752,-0.08134466019417474,0.669051878354204,0.6202860858257477,0.2789115646258503,0.2366325369738339,-0.04876579252845625,-0.04227902765201641,0.04876579252845625,1.0,0.7761420682730924,0.06419939577039276,170.0,0.8997789805866899,0.0,0.5290785498489426,1.0,0.9083401838968455,0.5384911470361817,0.6923076923076923,-0.01132930513595165,0.21315722752403565,-0.17889087656529512,0.06419939577039276,,,,,,,,,,,,,,,,,,,,,,
42,compas,xgboost,guard_threshold,natural,2648.0,0.7001510574018127,0.7002601314348302,0.7170731707317073,0.6641566265060241,0.689601250977326,0.545,0.41565533980582525,0.7626703482675692,-0.1293446601941748,0.7245080500894454,0.6202860858257477,0.31746031746031744,0.2366325369738339,-0.10422196426369768,-0.08082778048648354,0.10422196426369768,0.0,0.7761420682730924,0.04607250755287009,122.0,0.8087094384506575,0.0,0.4195619335347432,1.0,0.815517956192375,0.4268668206312548,0.6923076923076923,-0.0060422960725075026,0.13949892427082966,-0.1234347048300537,0.04607250755287009,0.7552870090634441,88.0,0.06419939577039276,0.04607250755287009,0.7176470588235294,,,,,,,,,,,,,,,,,
42,compas,xgboost,universal_rl,natural,2648.0,0.6491691842900302,0.6485989412194231,0.6093150684931506,0.8373493975903614,0.705359974627339,0.667,0.7026699029126213,1.0534781153112762,0.03566990291262129,0.8479427549194991,0.8296488946684005,0.4376417233560091,0.5915813424345847,-0.01829386025109858,0.15393961907857562,0.15393961907857562,1.0,0.7761420682730924,0.17862537764350453,473.0,1.0657203080926678,0.0,0.9935800604229608,1.0,1.0664934970051843,0.9949961508852964,0.7272727272727273,-0.057024169184289986,0.4303066913145367,-0.07371705001517576,0.17862537764350453,,,,,,0.7061933534743202,0.6231714239967395,,,,,,,,,,,,,,,
42,compas,xgboost,coda,natural,2648.0,0.7020392749244713,0.7019669587440671,0.6940244780417567,0.7259036144578314,0.7096061832903938,0.532,0.5200242718446602,0.9774892327907145,-0.011975728155339871,0.7048300536672629,0.741222366710013,0.3129251700680272,0.3265073947667804,0.036392313042750035,0.013582224698753198,0.036392313042750035,1.0,0.7761420682730924,0.11669184290030211,309.0,1.0646276081363153,0.0,0.6910876132930514,1.0,1.0763614178273335,0.7036181678214011,0.7028985507246377,-0.00415407854984895,0.354317808793975,-0.19126435605100134,0.11669184290030211,,,,,,,,2056.0,493.0,0.9995707632689306,3.9945958150064387,0.49521114907397606,0.8161762265830885,0.13866950972224915,0.5,0.3832342223178074,0.42757034902809743,0.11999999999999972,0.6,0.5276902358837974,0.5769995206255912,0.1287339294346994
42,german_credit,logistic_regression,base_model,natural,200.0,0.84,0.7952380952380953,0.8698630136986302,0.9071428571428571,0.8881118881118881,0.7279411764705882,0.734375,1.0088383838383839,0.006433823529411797,0.9052631578947369,0.9111111111111111,0.3170731707317073,0.3157894736842105,0.005847953216374213,-0.0012836970474968123,0.005847953216374213,1.0,0.9192857142857143,0.0,0.0,1.0945966900735842,0.0,0.94,1.0,1.017052239034406,0.9333333333333333,0.41818181818181815,0.0,0.0,0.0,0.0,,,,,,,,,,,,,,,,,,,,,,
42,german_credit,logistic_regression,group_threshold,natural,200.0,0.83,0.7404761904761905,0.823170731707317,0.9642857142857143,0.8881578947368421,0.8235294117647058,0.8125,0.9866071428571429,-0.011029411764705843,0.9789473684210527,0.9333333333333333,0.4634146341463415,0.5263157894736842,-0.04561403508771933,0.0629011553273427,0.0629011553273427,1.0,0.9192857142857143,0.09,18.0,1.0696732386567396,0.0,0.985,1.0,0.9730357962667718,0.9933333333333333,0.6,-0.010000000000000009,-0.022231240981240963,0.05705320211096848,0.09,,,,,,,,,,,,,,,,,,,,,,
42,german_credit,logistic_regression,guard_threshold,natural,200.0,0.835,0.7726190476190476,0.8496732026143791,0.9285714285714286,0.8873720136518771,0.7720588235294118,0.75,0.9714285714285714,-0.022058823529411797,0.9368421052631579,0.9111111111111111,0.3902439024390244,0.3684210526315789,-0.025730994152046827,-0.021822849807445477,0.025730994152046827,1.0,0.9192857142857143,0.035,7.0,1.070463868371013,0.0,0.93,1.0,0.9777581788111404,0.92,0.6,-0.0050000000000000044,-0.03740981240981245,0.019883040935672613,0.035,0.405,5.0,0.09,0.035,0.3888888888888889,,,,,,,,,,,,,,,,,
42,german_credit,logistic_regression,universal_rl,natural,200.0,0.835,0.7821428571428571,0.8590604026845637,0.9142857142857143,0.8858131487889274,0.7279411764705882,0.78125,1.0732323232323233,0.0533088235294118,0.9052631578947369,0.9333333333333333,0.3170731707317073,0.42105263157894735,0.028070175438596467,0.10397946084724002,0.10397946084724002,1.0,0.9192857142857143,0.015,3.0,1.1477750449331308,0.0,0.99,1.0,1.0879567121804679,1.0,0.6,-0.0050000000000000044,0.06439393939393945,0.09813150763086581,0.015,,,,,,0.84,1.0088383838383839,,,,,,,,,,,,,,,
42,german_credit,logistic_regression,coda,natural,200.0,0.83,0.7404761904761905,0.823170731707317,0.9642857142857143,0.8881578947368421,0.8235294117647058,0.8125,0.9866071428571429,-0.011029411764705843,0.9789473684210527,0.9333333333333333,0.4634146341463415,0.5263157894736842,-0.04561403508771933,0.0629011553273427,0.0629011553273427,1.0,0.9192857142857143,0.09,18.0,1.0696732386567396,0.0,0.985,1.0,0.9730357962667718,0.9933333333333333,0.6,-0.010000000000000009,-0.022231240981240963,0.05705320211096848,0.09,,,,,,,,42.0,21.0,0.004899054895770728,0.0371852326437074,0.0,0.8994379133349244,0.12852777547928548,0.3,0.30005803209862597,0.30004009898519934,5.80320986259264e-05,0.3,0.299806559671247,0.29986633671600255,0.0001934403287530695
42,german_credit,xgboost,base_model,natural,200.0,0.84,0.7904761904761904,0.8648648648648649,0.9142857142857143,0.888888888888889,0.75,0.71875,0.9583333333333334,-0.03125,0.9263157894736842,0.8888888888888888,0.34146341463414637,0.3157894736842105,-0.037426900584795364,-0.02567394094993586,0.037426900584795364,1.0,0.9078571428571429,0.0,0.0,1.0286463404628687,0.0,0.875,1.0,0.9383214916277193,0.8466666666666667,0.41818181818181815,0.0,0.0,0.0,0.0,,,,,,,,,,,,,,,,,,,,,,
42,german_credit,xgboost,group_threshold,natural,200.0,0.8,0.7952380952380953,0.8968253968253969,0.8071428571428572,0.8496240601503758,0.5882352941176471,0.71875,1.221875,0.13051470588235292,0.7684210526315789,0.8888888888888888,0.17073170731707318,0.3157894736842105,0.12046783625730995,0.14505776636713733,0.14505776636713733,1.0,0.9078571428571429,0.11,22.0,1.2760187426037024,0.0,0.99,1.0,1.211708721676782,1.0,0.6,-0.039999999999999925,0.2635416666666667,0.10763086578234196,0.11,,,,,,,,,,,,,,,,,,,,,,
42,german_credit,xgboost,guard_threshold,natural,200.0,0.82,0.780952380952381,0.8661971830985915,0.8785714285714286,0.8723404255319148,0.7058823529411765,0.71875,1.0182291666666665,0.012867647058823484,0.8736842105263158,0.8888888888888888,0.3170731707317073,0.3157894736842105,0.015204678362572999,-0.0012836970474968123,0.015204678362572999,1.0,0.9078571428571429,0.03,6.0,1.0822343130800531,0.0,0.955,1.0,1.0097721217839652,0.9533333333333334,0.41818181818181815,-0.020000000000000018,0.05989583333333315,-0.022222222222222365,0.03,0.335,5.0,0.11,0.03,0.2727272727272727,,,,,,,,,,,,,,,,,
42,german_credit,xgboost,universal_rl,natural,200.0,0.835,0.7726190476190476,0.8496732026143791,0.9285714285714286,0.8873720136518771,0.75,0.796875,1.0625,0.046875,0.9263157894736842,0.9333333333333333,0.34146341463414637,0.47368421052631576,0.007017543859649145,0.1322207958921694,0.1322207958921694,1.0,0.9078571428571429,0.025,5.0,1.1213618884368126,0.0,0.99,1.0,1.0619422222596449,1.0,0.6,-0.0050000000000000044,0.10416666666666663,0.09479389530737403,0.025,,,,,,0.84,0.9583333333333334,,,,,,,,,,,,,,,
42,german_credit,xgboost,coda,natural,200.0,0.8,0.7952380952380953,0.8968253968253969,0.8071428571428572,0.8496240601503758,0.5882352941176471,0.71875,1.221875,0.13051470588235292,0.7684210526315789,0.8888888888888888,0.17073170731707318,0.3157894736842105,0.12046783625730995,0.14505776636713733,0.14505776636713733,1.0,0.9078571428571429,0.11,22.0,1.2760187426037024,0.0,0.99,1.0,1.211708721676782,1.0,0.6,-0.039999999999999925,0.2635416666666667,0.10763086578234196,0.11,,,,,,,,169.0,30.0,0.31598904441415643,0.6367988833774682,0.5875402406364144,0.7728591552800238,0.10255188465100902,0.5,0.5062909715577548,0.5019163915336784,0.006290971557754821,0.75,0.7290300948074829,0.7436120282210714,0.02096990519251707
42,bank_marketing,logistic_regression,base_model,natural,2233.0,0.6954769368562472,0.6886152113582431,0.7356608478802993,0.55765595463138,0.6344086021505376,0.33088235294117646,0.3860262008733624,1.1666569626394954,0.05514384793218596,0.5584158415841585,0.5569620253164557,0.13379073756432247,0.22635135135135134,-0.001453816267702801,0.09256061378702887,0.09256061378702887,1.0,0.7560495515424528,0.0,0.0,1.2781962725347413,0.0,0.8553515450067174,1.0,1.2734191711431655,0.858451672010994,0.65,0.0,0.0,0.0,0.0,,,,,,,,,,,,,,,,,,,,,,
42,bank_marketing,logistic_regression,group_threshold,natural,2233.0,0.6936856247201075,0.6835249165426538,0.7824773413897281,0.4896030245746692,0.6023255813953489,0.28125,0.3109170305676856,1.105482775351771,0.029667030567685604,0.49306930693069306,0.4864376130198915,0.09777015437392796,0.14695945945945946,-0.006631693910801539,0.0491893050855315,0.0491893050855315,1.0,0.7560495515424528,0.06269592476489028,140.0,1.2430476767508554,0.0,0.7881773399014779,1.0,1.2510191285899224,0.79340357306459,0.5857142857142856,-0.0017913121361397,-0.06117418728772428,-0.04337130870149737,0.06269592476489028,,,,,,,,,,,,,,,,,,,,,,
42,bank_marketing,logistic_regression,guard_threshold,natural,2233.0,0.6909986565158979,0.6821481719824639,0.7562674094707521,0.5132325141776938,0.6114864864864865,0.29871323529411764,0.34323144104803494,1.1490332549546525,0.044518205753917295,0.5089108910891089,0.5171790235081374,0.11663807890222985,0.18074324324324326,0.008268132419028462,0.0641051643410134,0.0641051643410134,1.0,0.7560495515424528,0.03761755485893417,84.0,1.2839908355434684,0.0,0.8271383788625168,1.0,1.2793464543307458,0.8295923041685753,0.6666666666666667,-0.004478280340349361,-0.017623707684842893,-0.02845544944601547,0.03761755485893417,0.6430810568741603,74.0,0.06269592476489028,0.03761755485893417,0.6,,,,,,,,,,,,,,,,,
42,bank_marketing,logistic_regression,universal_rl,natural,2233.0,0.690103000447828,0.6845911595543579,0.7127906976744186,0.5793950850661626,0.6392075078206465,0.33088235294117646,0.4366812227074236,1.319747695293547,0.10579886976624714,0.5584158415841585,0.5985533453887885,0.13379073756432247,0.28547297297297297,0.04013750380462999,0.1516822354086505,0.1516822354086505,1.0,0.7560495515424528,0.025974025974025976,58.0,1.4360741380637903,0.0,0.9852216748768473,1.0,1.4172677849848352,0.9862574438845625,0.65,-0.005373936408419211,0.1530907326540516,0.05912162162162163,0.025974025974025976,,,,,,0.6954769368562472,1.1666569626394954,,,,,,,,,,,,,,,
42,bank_marketing,logistic_regression,coda,natural,2233.0,0.6918943125839677,0.6875167920202712,0.7037444933920705,0.6039697542533081,0.6500508646998981,0.39889705882352944,0.41397379912663756,1.0377960678566398,0.015076740303108127,0.6237623762376238,0.5858951175406871,0.20411663807890223,0.2533783783783784,-0.037867258696936634,0.049261740299476164,0.049261740299476164,1.0,0.7560495515424528,0.07881773399014778,176.0,1.132177039220955,0.0,0.7854903716972682,1.0,1.1376090811303403,0.7906550618415025,0.6666666666666667,-0.003582624272279511,-0.12886089478285556,-0.04329887348755271,0.07881773399014778,,,,,,,,1578.0,555.0,0.6549243326917968,2.254857150564055,0.5700661790744743,0.8294577339723166,0.13518362082224616,0.55,0.44904362607234116,0.4752918304281778,0.1368957267212504,0.55,0.4310961095484578,0.4640323852725031,0.11999999999999988
42,bank_marketing,xgboost,base_model,natural,2233.0,0.74205105239588,0.7361645819088605,0.7875894988066826,0.6238185255198487,0.6962025316455697,0.36672794117647056,0.3834061135371179,1.045478324632542,0.016678172360647336,0.6376237623762376,0.6112115732368897,0.1320754716981132,0.17060810810810811,-0.026412189139347952,0.03853263640999491,0.03853263640999491,1.0,0.7922551582673049,0.0,0.0,1.1184268004878404,0.0,0.7725033587102552,1.0,1.116707084063839,0.7732478240952817,0.6428571428571429,0.0,0.0,0.0,0.0,,,,,,,,,,,,,,,,,,,,,,
42,bank_marketing,xgboost,group_threshold,natural,2233.0,0.7366771159874608,0.7287053050717934,0.8133333333333334,0.5765595463137996,0.6747787610619468,0.33547794117647056,0.33624454148471616,1.002285099001017,0.0007666003082456019,0.6,0.5551537070524413,0.10634648370497427,0.13175675675675674,-0.04484629294755871,0.025410273051782478,0.04484629294755871,1.0,0.7922551582673049,0.03940886699507389,88.0,1.0985998333037827,0.0,0.7232422749664129,1.0,1.0964259948645716,0.722858451672011,0.6428571428571429,-0.005373936408419211,-0.043193225631525056,0.0063136565375638,0.03940886699507389,,,,,,,,,,,,,,,,,,,,,,
42,bank_marketing,xgboost,guard_threshold,natural,2233.0,0.74205105239588,0.7347528455938543,0.8097686375321337,0.5954631379962193,0.6862745098039216,0.34191176470588236,0.35458515283842795,1.0370662534629291,0.012673388132545593,0.6099009900990099,0.5822784810126582,0.1097770154373928,0.14189189189189189,-0.027622509086351665,0.03211487645449909,0.03211487645449909,1.0,0.7922551582673049,0.026869682042095836,60.0,1.1454472213076201,0.0,0.7693685624720108,1.0,1.1443463876325832,0.7700412276683463,0.6428571428571429,0.0,-0.008412071169612956,-0.0064177599554958165,0.026869682042095836,0.6166592028660994,73.0,0.03940886699507389,0.026869682042095836,0.6818181818181818,,,,,,,,,,,,,,,,,
42,bank_marketing,xgboost,universal_rl,natural,2233.0,0.7321988356471115,0.7280263845875397,0.7521929824561403,0.6483931947069943,0.6964467005076143,0.36672794117647056,0.4480349344978166,1.2217092950717405,0.08130699332134605,0.6376237623762376,0.6582278481012658,0.1320754716981132,0.2516891891891892,0.020604085725028143,0.119613717491076,0.119613717491076,1.0,0.7922551582673049,0.033139274518584866,74.0,1.2878465838160427,0.0,0.9883564711150918,1.0,1.2818775418274153,0.9894640403114979,0.6428571428571429,-0.009852216748768461,0.17623097043919844,0.08108108108108109,0.033139274518584866,,,,,,0.74205105239588,1.045478324632542,,,,,,,,,,,,,,,
42,bank_marketing,xgboost,coda,natural,2233.0,0.7366771159874608,0.7312464304388047,0.7738927738927739,0.6275992438563327,0.6931106471816284,0.38235294117647056,0.3860262008733624,1.0096069868995634,0.003673259696891862,0.6455445544554456,0.6112115732368897,0.15437392795883362,0.17567567567567569,-0.03433298121855588,0.021301747716842068,0.03433298121855588,1.0,0.7922551582673049,0.05105239587998209,114.0,1.0924146699316797,0.0,0.703537841468876,1.0,1.0900991649012612,0.7027027027027027,0.6666666666666667,-0.005373936408419211,-0.03587133773297868,-0.004199655191439028,0.05105239587998209,,,,,,,,1745.0,438.0,2.0190545213958386,5.0,2.424402055142288,0.8100492498824847,0.11599708116632829,0.55,0.43000426869223785,0.5001635198615925,0.23999987538480339,0.55,0.5508125088363252,0.48139735923300564,0.23999999999999844
42,recruitment,logistic_regression,base_model,natural,24240.0,1.0,1.0,1.0,1.0,1.0,0.27020958083832336,0.23826487845766975,0.881778054347498,-0.03194470238065361,1.0,1.0,0.0,0.0,0.0,0.0,0.0,1.0,1.0,0.0,0.0,0.9848611710573631,0.0,0.5677805280528053,1.0,0.9844569268786661,0.567259198015709,1.0,0.0,0.0,0.0,0.0,,,,,,,,,,,,,,,,,,,,,,
42,recruitment,logistic_regression,group_threshold,natural,24240.0,1.0,1.0,1.0,1.0,1.0,0.27020958083832336,0.23826487845766975,0.881778054347498,-0.03194470238065361,1.0,1.0,0.0,0.0,0.0,0.0,0.0,1.0,1.0,0.0,0.0,0.9848611710573631,0.0,0.5677805280528053,1.0,0.9844569268786661,0.567259198015709,1.0,0.0,0.0,0.0,0.0,,,,,,,,,,,,,,,,,,,,,,
42,recruitment,logistic_regression,guard_threshold,natural,24240.0,1.0,1.0,1.0,1.0,1.0,0.27020958083832336,0.23826487845766975,0.881778054347498,-0.03194470238065361,1.0,1.0,0.0,0.0,0.0,0.0,0.0,1.0,1.0,0.0,0.0,0.9848611710573631,0.0,0.5677805280528053,1.0,0.9844569268786661,0.567259198015709,1.0,0.0,0.0,0.0,0.0,0.6542079207920792,1351.0,0.0,0.0,0.0,,,,,,,,,,,,,,,,,
42,recruitment,logistic_regression,universal_rl,natural,24240.0,0.9790841584158416,0.9859127535426507,0.9249111374407583,1.0,0.9609909979225976,0.27020958083832336,0.2913872590108969,1.078375008417059,0.021177678172573544,1.0,1.0,0.0,0.06973865199449794,0.0,0.06973865199449794,0.06973865199449794,1.0,1.0,0.020915841584158417,507.0,1.17253503344914,0.0,0.8026402640264027,1.0,1.1725187054804302,0.8026043819760231,1.0,-0.02091584158415838,0.1965969540695609,0.06973865199449794,0.020915841584158417,,,,,,1.0,0.881778054347498,,,,,,,,,,,,,,,
42,recruitment,logistic_regression,coda,natural,24240.0,0.9963696369636964,0.9959342411411763,0.9909105405836389,0.9950360288230584,0.9929689996804091,0.26952912357103975,0.2420368818105616,0.897998993963144,-0.027492241760478153,0.9924452279022916,0.9995602462620933,0.0018648018648018648,0.005089408528198074,0.007115018359801661,0.003224606663396209,0.007115018359801661,1.0,1.0,0.0036303630363036304,88.0,1.0028371330995889,0.0,0.58246699669967,1.0,1.002470044691959,0.581976023150062,1.0,-0.0036303630363035966,0.01622093961564597,0.007115018359801661,0.0036303630363036304,,,,,,,,17958.0,3020.0,3.0835238004770384,5.0,3.2297816381696114,0.7698922288255654,0.1533362507977017,0.5,0.3800007176051319,0.4167496906931092,0.2399999999999996,0.5,0.6006105791635707,0.5037788030980304,0.2399999999999996
42,recruitment,xgboost,base_model,natural,24240.0,0.9879125412541254,0.9806712388527103,0.9870703764320785,0.965732586068855,0.9762849048968029,0.2602068590092542,0.2395222129086337,0.9205069144626781,-0.020684646100620513,0.9566859733064719,0.9815303430079155,0.002331002331002331,0.007427785419532325,0.024844369701443658,0.005096783088529994,0.024844369701443658,1.0,0.9994739842999714,0.0,0.0,1.035502909721079,0.0,0.6020627062706271,1.0,1.034959216851043,0.6016122364613476,1.0,0.0,0.0,0.0,0.0,,,,,,,,,,,,,,,,,,,,,,
42,recruitment,xgboost,group_threshold,natural,24240.0,0.9891501650165017,0.9850597454901959,0.9811776061776062,0.9766212970376301,0.9788941497472113,0.2674197060424605,0.2395222129086337,0.8956789925967636,-0.027897493133826806,0.9738101233946109,0.9815303430079155,0.005874125874125874,0.007427785419532325,0.007720219613304602,0.0015536595454064507,0.007720219613304602,1.0,0.9994739842999714,0.004372937293729373,106.0,1.0037999700200884,0.0,0.5832920792079208,1.0,1.0031907481304143,0.5828028110789583,1.0,0.0012376237623762387,-0.024827921865914426,-0.017124150088139056,0.004372937293729373,,,,,,,,,,,,,,,,,,,,,,
42,recruitment,xgboost,guard_threshold,natural,24240.0,0.9892326732673268,0.9843311381530898,0.9838292367399741,0.9742193755004003,0.9790007241129616,0.26524224278715297,0.2395222129086337,0.9030319242958648,-0.025720029878519263,0.9700327373457568,0.9815303430079155,0.004289044289044289,0.007427785419532325,0.011497605662158739,0.0031387411304880358,0.011497605662158739,1.0,0.9994739842999714,0.0030528052805280526,74.0,1.012395142010219,0.0,0.5893151815181518,1.0,1.0118036860816655,0.5888383629599008,1.0,0.0013201320132013583,-0.01747499016681331,-0.01334676403928492,0.0030528052805280526,0.6760313531353135,1304.0,0.004372937293729373,0.0030528052805280526,0.6981132075471698,,,,,,,,,,,,,,,,,
42,recruitment,xgboost,universal_rl,natural,24240.0,0.9688118811881188,0.9685384539918681,0.9157703378276019,0.9679743795036029,0.9411489957963568,0.2602068590092542,0.29096814752724226,1.1182185920659917,0.03076128851798804,0.9566859733064719,0.9876868953386104,0.002331002331002331,0.07303988995873452,0.031000922032138556,0.07070888762773218,0.07070888762773218,1.0,0.9994739842999714,0.020255775577557755,491.0,1.2256318688978656,0.0,0.8275990099009901,1.0,1.2254811668487822,0.8276147168251343,1.0,-0.019100660066006636,0.19771167760331365,0.045864517926288526,0.020255775577557755,,,,,,0.9879125412541254,0.9205069144626781,,,,,,,,,,,,,,,
42,recruitment,xgboost,coda,natural,24240.0,0.9841171617161716,0.9819313077580709,0.9615626969124134,0.97742193755004,0.9694274596998332,0.27020958083832336,0.24905699916177704,0.9217178694740558,-0.021152581676546323,0.9697809116091665,0.9907651715039578,0.011188811188811189,0.017056396148555707,0.020984259894791357,0.005867584959744519,0.020984259894791357,1.0,0.9994739842999714,0.013366336633663366,324.0,1.0334827237659998,0.0,0.6043729372937293,1.0,1.0329348552325595,0.6039272426622572,1.0,-0.0037953795379538358,0.0012109550113776901,-0.003860109806652301,0.013366336633663366,,,,,,,,17724.0,3658.0,3.643320506211456,5.0,5.0,0.7767236800717245,0.15033618000293417,0.5,0.38208452949224136,0.4235014578740177,0.2399999997927501,0.45,0.4286187074403721,0.44184144425310934,0.23999999999999955
52,adult,logistic_regression,base_model,natural,6513.0,0.8544449562413634,0.7671712175770207,0.746422893481717,0.5988520408163265,0.6645435244161358,0.25324527442496014,0.06880301602262016,0.2716852907871629,-0.18444225840233996,0.618208516886931,0.470873786407767,0.08913832948167712,0.0255741127348643,-0.147334730479164,-0.06356421674681281,0.147334730479164,0.0,0.9094981660510514,0.0,0.0,0.2952972178724951,0.0,0.05849838783970521,1.0,0.2963439238749126,0.05771313631440508,1.0,0.0,0.0,0.0,0.0,,,,,,,,,,,,,,,,,,,,,,
52,adult,logistic_regression,group_threshold,natural,6513.0,0.8337171810225702,0.7384952590743071,0.6932270916334662,0.5548469387755102,0.6163655685441021,0.1949442040537463,0.1880301602262017,0.9645332167678173,-0.006914043827544597,0.5117474302496329,0.8398058252427184,0.05249257180587653,0.11795407098121086,0.32805839499308553,0.06546149917533434,0.32805839499308553,1.0,0.9094981660510514,0.07815138952863504,509.0,1.0894515590033216,0.0,0.5846768002456625,0.9090909090909091,1.0943954044299284,0.5876527928206715,0.9090909090909091,-0.02072777521879321,0.6928479259806544,0.18072366451392152,0.07815138952863504,,,,,,,,,,,,,,,,,,,,,,
52,adult,logistic_regression,guard_threshold,natural,6513.0,0.8389375095961922,0.7456350854295206,0.7067729083665338,0.5656887755102041,0.628409493446688,0.2054201776360738,0.16635249764373233,0.8098157618111183,-0.03906767999234145,0.5337738619676946,0.7766990291262136,0.0577748431825685,0.10073068893528184,0.24292516715851897,0.042955845752713336,0.24292516715851897,1.0,0.9094981660510514,0.06402579456471671,417.0,0.9087591201324469,0.0,0.46322739137110397,0.9090909090909091,0.9145517792700955,0.4655732631904688,0.9090909090909091,-0.01550744664517123,0.5381304710239554,0.09559043667935496,0.06402579456471671,0.8125287885766928,235.0,0.07815138952863504,0.06402579456471671,0.8192534381139489,,,,,,,,,,,,,,,,,
52,adult,logistic_regression,universal_rl,natural,6513.0,0.8203592814371258,0.749950669094736,0.6302356020942408,0.6141581632653061,0.622093023255814,0.25324527442496014,0.19604147031102734,0.7741169929278067,-0.057203804113932805,0.618208516886931,0.587378640776699,0.08913832948167712,0.15396659707724425,-0.030829876110232024,0.06482826759556713,0.06482826759556713,0.0,0.9094981660510514,0.041455550437586364,270.0,0.8121309433997664,0.0,0.41916167664670656,1.0,0.8111041197690346,0.41869101036670275,1.0,-0.03408567480423763,0.5024317021406437,-0.08250646288359688,0.041455550437586364,,,,,,0.8544449562413634,0.2716852907871629,,,,,,,,,,,,,,,
52,adult,logistic_regression,coda,natural,6513.0,0.82081989866421,0.7528671895957574,0.6294383473208521,0.6218112244897959,0.6256015399422522,0.23297654292871783,0.2478793590951932,1.0639670242297101,0.014902816166475374,0.5822320117474302,0.883495145631068,0.07593265103994717,0.17954070981210857,0.3012631338836378,0.1036080587721614,0.3012631338836378,1.0,0.9094981660510514,0.07968678028558268,519.0,1.2187794682078277,0.0,0.6313526792568709,1.0,1.2247238390034931,0.6346897725514467,1.0,-0.033625057577153394,0.7922817334425472,0.15392840340447378,0.07968678028558268,,,,,,,,4603.0,2646.0,3.906673063270256,5.0,1.8790065220908145,0.7648522467215529,0.17150866629587164,0.15,0.050145357201902885,0.10835724721814168,0.2199999999999999,0.6,0.5336763234562457,0.5370639545020239,0.2399999999994979
52,adult,xgboost,base_model,natural,6513.0,0.8756333486872409,0.8031190029095561,0.7866868381240545,0.6632653061224489,0.7197231833910035,0.2639489865634252,0.0768143261074458,0.2910195909730755,-0.18713466045597937,0.6740088105726872,0.5922330097087378,0.07956421261142291,0.02139874739039666,-0.08177580086394942,-0.05816546522102625,0.08177580086394942,0.0,0.9298497116237799,0.0,0.0,0.3068987124959026,0.0,0.05404575464455704,1.0,0.3092729869233814,0.054463871267213367,1.0,0.0,0.0,0.0,0.0,,,,,,,,,,,,,,,,,,,,,,
52,adult,xgboost,group_threshold,natural,6513.0,0.8549055734684478,0.7750963403561627,0.7350943396226415,0.6211734693877551,0.6733494642239889,0.21293554998861308,0.18378887841658811,0.8631197487991854,-0.029146671572024968,0.5851688693098385,0.8592233009708737,0.045559590623968305,0.11116910229645094,0.27405443166103527,0.06560951167248263,0.27405443166103527,1.0,0.9298497116237799,0.06924612313833871,451.0,0.9487862875110263,0.0,0.512052817442039,1.0,0.9541669568263988,0.5160142348754448,0.9333333333333333,-0.0207277752187931,0.5721001578261099,0.19227863079708585,0.06924612313833871,,,,,,,,,,,,,,,,,,,,,,
52,adult,xgboost,guard_threshold,natural,6513.0,0.8596652848149854,0.7808440034254349,0.7481031866464339,0.6288265306122449,0.6832986832986833,0.22181735367797767,0.16211121583411875,0.7308319802131575,-0.05970613784385892,0.6005873715124816,0.8155339805825242,0.05150214592274678,0.0918580375782881,0.2149466090700426,0.04035589165554132,0.2149466090700426,0.0,0.9298497116237799,0.05619530170428374,366.0,0.8022470660592796,0.0,0.40165822201750345,1.0,0.8078513206534556,0.40476558873588114,0.9333333333333333,-0.015968063872255467,0.43981238924008204,0.13317080820609317,0.05619530170428374,0.8177491171503147,233.0,0.06924612313833871,0.05619530170428374,0.811529933481153,,,,,,,,,,,,,,,,,
52,adult,xgboost,universal_rl,natural,6513.0,0.8395516658989712,0.7830596381626462,0.6643620364550598,0.6741071428571429,0.669199113643558,0.2639489865634252,0.20358152686145145,0.771291185891832,-0.06036745970197374,0.6740088105726872,0.6747572815533981,0.07956421261142291,0.15292275574112735,0.0007484709807108469,0.07335854312970444,0.07335854312970444,0.0,0.9298497116237799,0.0413020113618916,269.0,0.8044408147056853,0.0,0.4005834484876401,1.0,0.8021538529462044,0.40089741606065293,1.0,-0.03608168278826962,0.4802715949187565,-0.008417257734244982,0.0413020113618916,,,,,,0.8756333486872409,0.2910195909730755,,,,,,,,,,,,,,,
52,adult,xgboost,coda,natural,6513.0,0.8367879625364655,0.7764487809785188,0.6613418530351438,0.6600765306122449,0.6607085860197893,0.2366203598269187,0.2478793590951932,1.0475825464744883,0.011258999268274505,0.6248164464023495,0.8932038834951457,0.06206668867613074,0.17849686847599164,0.2683874370927962,0.1164301797998609,0.2683874370927962,1.0,0.9298497116237799,0.07723015507446646,503.0,1.1468319150360864,0.0,0.6419468754798097,1.0,1.1537447337211404,0.6469131982051679,0.9375,-0.038845386150775374,0.7565629555014128,0.1866116362288468,0.07723015507446646,,,,,,,,4798.0,2832.0,4.226978419949082,5.0,5.0,0.7755324924024675,0.14566405165218096,0.15,0.20683325067295508,0.09826819521795786,0.21999999999968403,0.6,0.48000000000000004,0.5485879767006903,0.23999999999999994
52,compas,logistic_regression,base_model,natural,2648.0,0.6786253776435045,0.6785779481562614,0.6744696415508412,0.6942771084337349,0.6842300556586272,0.6811301715438951,0.4176222088111044,0.6131312724915621,-0.2635079627327907,0.8145580589254766,0.6018641810918774,0.49516908212560384,0.26490066225165565,-0.21269387783359917,-0.2302684198739482,0.2302684198739482,0.0,0.7335777770171595,0.0,0.0,0.6261518487433166,0.0,0.1578549848942598,1.0,0.6278462579447948,0.15973826020015397,0.85,0.0,0.0,0.0,0.0,,,,,,,,,,,,,,,,,,,,,,
52,compas,logistic_regression,group_threshold,natural,2648.0,0.6525679758308157,0.6522339357429718,0.6260815822002472,0.7628012048192772,0.6877121520706042,0.591321897073663,0.6228123114061557,1.053254267241468,0.03149041433249267,0.7348353552859619,0.7842876165113183,0.391304347826087,0.488962472406181,0.0494522612253564,0.09765812458009404,0.09765812458009404,1.0,0.7335777770171595,0.16200906344410876,429.0,1.0932853283329387,0.0,0.8840634441087614,1.0,1.09325181093659,0.8837567359507313,0.7222222222222222,-0.026057401812688785,0.4401229947499059,-0.13261029529385415,0.16200906344410876,,,,,,,,,,,,,,,,,,,,,,
52,compas,logistic_regression,guard_threshold,natural,2648.0,0.6593655589123867,0.6591525191675793,0.6408730158730159,0.7296686746987951,0.6823943661971831,0.6296670030272452,0.5359082679541339,0.8510979063181838,-0.09375873507311128,0.7590987868284229,0.7070572569906791,0.4492753623188406,0.39403973509933776,-0.052041529837743794,-0.055235627219502814,0.055235627219502814,1.0,0.7335777770171595,0.09327794561933535,247.0,0.8729898686079768,0.0,0.5468277945619335,1.0,0.878105472906217,0.5561970746728252,0.7777777777777778,-0.019259818731117817,0.23796663382662175,-0.17503279265444538,0.09327794561933535,0.5645770392749244,72.0,0.16200906344410876,0.09327794561933535,0.5757575757575758,,,,,,,,,,,,,,,,,
52,compas,logistic_regression,universal_rl,natural,2648.0,0.6359516616314199,0.6354737130339541,0.6043577981651376,0.7936746987951807,0.6861979166666665,0.6811301715438951,0.6451418225709112,0.9471637721004045,-0.035988348972983863,0.8145580589254766,0.7776298268974701,0.49516908212560384,0.5353200883002207,-0.03692823202800655,0.040151006174616866,0.040151006174616866,1.0,0.7335777770171595,0.1423716012084592,377.0,0.9469318018450678,0.0,0.9369335347432024,1.0,0.9470634460436663,0.9372594303310239,0.7619047619047619,-0.042673716012084584,0.3340324996088424,-0.19011741369933133,0.1423716012084592,,,,,,0.6786253776435045,0.6131312724915621,,,,,,,,,,,,,,,
52,compas,logistic_regression,coda,natural,2648.0,0.6537009063444109,0.6532995618838993,0.6225402504472272,0.786144578313253,0.6948419301164724,0.6296670030272452,0.6354858177429089,1.0092410983705493,0.0058188147156637005,0.7746967071057193,0.7949400798934754,0.427536231884058,0.5033112582781457,0.02024337278775612,0.07577502639408773,0.07577502639408773,1.0,0.7335777770171595,0.15861027190332327,420.0,1.0435463918214847,0.0,0.8591389728096677,1.0,1.042555620065793,0.8583525789068515,0.7222222222222222,-0.024924471299093587,0.39610982587898724,-0.15449339347986046,0.15861027190332327,,,,,,,,1568.0,639.0,0.19716796941719716,0.9738206769176201,0.050103995247754295,0.8846841696426044,0.0901376281907392,0.4,0.3755351132371987,0.39233242409465596,0.02709462223159098,0.55,0.48906364739616415,0.529305952333396,0.06590736558665355
52,compas,xgboost,base_model,natural,2648.0,0.7077039274924471,0.7076601861993428,0.7030791788856305,0.7221385542168675,0.712481426448737,0.6700302724520686,0.4224502112251056,0.6304942158495176,-0.24758006122696297,0.8318890814558059,0.6378162450066578,0.4444444444444444,0.24392935982339956,-0.19407283644914808,-0.20051508462104486,0.20051508462104486,0.0,0.7840404230558599,0.0,0.0,0.6545404525697287,0.0,0.18277945619335348,1.0,0.6551303937193476,0.1855273287143957,0.9444444444444444,0.0,0.0,0.0,0.0,,,,,,,,,,,,,,,,,,,,,,
52,compas,xgboost,group_threshold,natural,2648.0,0.6907099697885196,0.6904321832785688,0.6622052262587635,0.7823795180722891,0.7172937521574042,0.6004036326942482,0.587809293904647,0.9790235466546305,-0.012594338789601256,0.7694974003466204,0.7922769640479361,0.3647342995169082,0.41832229580573954,0.02277956370131573,0.05358799628883132,0.05358799628883132,1.0,0.7840404230558599,0.12953172205438065,343.0,1.0130652090319419,0.0,0.7926737160120846,1.0,1.0158684982241817,0.7925327174749808,0.75,-0.01699395770392753,0.34852933080511295,-0.14692708833221355,0.12953172205438065,,,,,,,,,,,,,,,,,,,,,,
52,compas,xgboost,guard_threshold,natural,2648.0,0.6937311178247734,0.6935491967871485,0.674074074074074,0.7537650602409639,0.7116956985424814,0.6236125126135217,0.5232347616173808,0.8390382666065119,-0.10037775099614088,0.7937608318890814,0.7230359520639148,0.3864734299516908,0.3576158940397351,-0.07072487982516662,-0.028857535911955723,0.07072487982516662,1.0,0.7840404230558599,0.0804380664652568,213.0,0.8649292444538879,0.0,0.5725075528700906,1.0,0.8686366627305154,0.5823710546574288,0.75,-0.01397280966767378,0.20854405075699434,-0.12979020479587824,0.0804380664652568,0.6544561933534743,81.0,0.12953172205438065,0.0804380664652568,0.6209912536443148,,,,,,,,,,,,,,,,,
52,compas,xgboost,universal_rl,natural,2648.0,0.6544561933534743,0.6540160642570281,0.6206896551724138,0.7996987951807228,0.6989141164856861,0.6700302724520686,0.631864815932408,0.9430392057063499,-0.038165456519660634,0.8318890814558059,0.7749667110519307,0.4444444444444444,0.5132450331125827,-0.056922370403875155,0.06880058866813832,0.06880058866813832,1.0,0.7840404230558599,0.13104229607250756,347.0,0.947921615418593,0.0,0.922583081570997,1.0,0.9487578367444811,0.9234026173979984,0.8095238095238095,-0.05324773413897288,0.3125449898568323,-0.13171449595290655,0.13104229607250756,,,,,,0.7077039274924471,0.6304942158495176,,,,,,,,,,,,,,,
52,compas,xgboost,coda,natural,2648.0,0.6903323262839879,0.689998630887185,0.6569839307787392,0.8004518072289156,0.7216564833672777,0.6135216952573158,0.6095353047676524,0.9935024457643808,-0.003986390489663427,0.7833622183708839,0.8135818908122503,0.37681159420289856,0.44039735099337746,0.030219672441366363,0.0635857567904789,0.0635857567904789,1.0,0.7840404230558599,0.13821752265861026,366.0,1.0311979577212589,0.0,0.8100453172205438,1.0,1.0343502220614842,0.8102386451116244,0.75,-0.017371601208459264,0.36300822991486326,-0.13692932783056597,0.13821752265861026,,,,,,,,1805.0,651.0,0.1491720163558859,0.8925341686065417,0.8925341686065417,0.8775209850014746,0.08226299903741621,0.4,0.359707776565622,0.3889080240254586,0.04030467272009636,0.55,0.5317315006408165,0.540944757435521,0.025666954909807305
52,german_credit,logistic_regression,base_model,natural,200.0,0.795,0.7440476190476191,0.8413793103448276,0.8714285714285714,0.8561403508771931,0.7372262773722628,0.6984126984126984,0.9473518780449474,-0.03881357895956439,0.8571428571428571,0.9047619047619048,0.4358974358974359,0.2857142857142857,0.04761904761904767,-0.1501831501831502,0.1501831501831502,1.0,0.8785714285714286,0.0,0.0,0.96660925749608,0.0,0.765,1.0,0.9152326404595322,0.7133333333333334,0.6666666666666666,0.0,0.0,0.0,0.0,,,,,,,,,,,,,,,,,,,,,,
52,german_credit,logistic_regression,group_threshold,natural,200.0,0.785,0.7464285714285714,0.8489208633093526,0.8428571428571429,0.8458781362007167,0.7226277372262774,0.6349206349206349,0.8786275452942119,-0.08770710230564249,0.8367346938775511,0.8571428571428571,0.4358974358974359,0.19047619047619047,0.020408163265306034,-0.24542124542124544,0.24542124542124544,1.0,0.8785714285714286,0.03,6.0,0.9141075023366231,0.0,0.615,1.0,0.8253655635399069,0.5133333333333333,0.6666666666666666,-0.010000000000000009,-0.06872433275073542,0.09523809523809523,0.03,,,,,,,,,,,,,,,,,,,,,,
52,german_credit,logistic_regression,guard_threshold,natural,200.0,0.795,0.7535714285714286,0.851063829787234,0.8571428571428571,0.8540925266903915,0.7299270072992701,0.6507936507936508,0.8915873015873016,-0.07913335650561926,0.8469387755102041,0.8809523809523809,0.4358974358974359,0.19047619047619047,0.0340136054421768,-0.24542124542124544,0.24542124542124544,1.0,0.8785714285714286,0.02,4.0,0.9136550864262495,0.0,0.63,1.0,0.8446270790330914,0.5333333333333333,0.6666666666666666,0.0,-0.055764576457645765,0.09523809523809523,0.02,0.465,9.0,0.03,0.02,0.6666666666666666,,,,,,,,,,,,,,,,,
52,german_credit,logistic_regression,universal_rl,natural,200.0,0.79,0.730952380952381,0.831081081081081,0.8785714285714286,0.8541666666666666,0.7372262773722628,0.746031746031746,1.011944051548012,0.008805468659483284,0.8571428571428571,0.9285714285714286,0.4358974358974359,0.38095238095238093,0.07142857142857151,-0.05494505494505497,0.07142857142857151,1.0,0.8785714285714286,0.015,3.0,1.0187910063726988,0.0,0.88,1.0,0.9848083056283571,0.8666666666666667,0.425,-0.0050000000000000044,0.06459217350306468,-0.0787545787545787,0.015,,,,,,0.795,0.9473518780449474,,,,,,,,,,,,,,,
52,german_credit,logistic_regression,coda,natural,200.0,0.785,0.7464285714285714,0.8489208633093526,0.8428571428571429,0.8458781362007167,0.7226277372262774,0.6349206349206349,0.8786275452942119,-0.08770710230564249,0.8367346938775511,0.8571428571428571,0.4358974358974359,0.19047619047619047,0.020408163265306034,-0.24542124542124544,0.24542124542124544,1.0,0.8785714285714286,0.03,6.0,0.9141075023366231,0.0,0.615,1.0,0.8253655635399069,0.5133333333333333,0.6666666666666666,-0.010000000000000009,-0.06872433275073542,0.09523809523809523,0.03,,,,,,,,132.0,120.0,0.5349141903270905,2.469393852134627,2.469393852134627,0.820749886399626,0.15985708750299849,0.6,0.567296131653975,0.5990301117812432,0.03658850513861622,0.55,0.5478927911535326,0.5421509808322302,0.01301293031472861
52,german_credit,xgboost,base_model,natural,200.0,0.79,0.7357142857142858,0.8356164383561644,0.8714285714285714,0.8531468531468531,0.7445255474452555,0.6984126984126984,0.9380641145347027,-0.04611284903255708,0.8571428571428571,0.9047619047619048,0.46153846153846156,0.2857142857142857,0.04761904761904767,-0.17582417582417587,0.17582417582417587,1.0,0.8484523809523808,0.0,0.0,0.9716639858045677,0.0,0.795,1.0,0.9219722782041824,0.7533333333333333,0.5,0.0,0.0,0.0,0.0,,,,,,,,,,,,,,,,,,,,,,
52,german_credit,xgboost,group_threshold,natural,200.0,0.775,0.6964285714285714,0.8064516129032258,0.8928571428571429,0.8474576271186439,0.7883211678832117,0.746031746031746,0.9463550852439742,-0.04228942185146567,0.8775510204081632,0.9285714285714286,0.5641025641025641,0.38095238095238093,0.05102040816326536,-0.18315018315018317,0.18315018315018317,1.0,0.8484523809523808,0.045,9.0,0.946868848531132,0.0,0.82,1.0,0.9246540189928812,0.7866666666666666,0.5,-0.015000000000000013,0.008290970709271428,0.0073260073260073,0.045,,,,,,,,,,,,,,,,,,,,,,
52,german_credit,xgboost,guard_threshold,natural,200.0,0.795,0.7345238095238096,0.8322147651006712,0.8857142857142857,0.8581314878892733,0.7591240875912408,0.7142857142857143,0.940934065934066,-0.044838373305526535,0.8775510204081632,0.9047619047619048,0.46153846153846156,0.3333333333333333,0.027210884353741527,-0.12820512820512825,0.12820512820512825,1.0,0.8484523809523808,0.015,3.0,0.9704964733960375,0.0,0.8,1.0,0.9204155949928088,0.76,0.5,0.0050000000000000044,0.002869951399363302,-0.047619047619047616,0.015,0.38,5.0,0.045,0.015,0.3333333333333333,,,,,,,,,,,,,,,,,
52,german_credit,xgboost,universal_rl,natural,200.0,0.775,0.7107142857142857,0.8187919463087249,0.8714285714285714,0.8442906574394465,0.7445255474452555,0.746031746031746,1.0020230314347962,0.0015061985864905925,0.8571428571428571,0.9047619047619048,0.46153846153846156,0.42857142857142855,0.04761904761904767,-0.032967032967033016,0.04761904761904767,1.0,0.8484523809523808,0.015,3.0,1.0263484300599688,0.0,0.955,1.0,0.9948848705447172,0.9666666666666667,0.425,-0.015000000000000013,0.06395891690009348,-0.1282051282051282,0.015,,,,,,0.79,0.9380641145347027,,,,,,,,,,,,,,,
52,german_credit,xgboost,coda,natural,200.0,0.775,0.6964285714285714,0.8064516129032258,0.8928571428571429,0.8474576271186439,0.7883211678832117,0.746031746031746,0.9463550852439742,-0.04228942185146567,0.8775510204081632,0.9285714285714286,0.5641025641025641,0.38095238095238093,0.05102040816326536,-0.18315018315018317,0.18315018315018317,1.0,0.8484523809523808,0.045,9.0,0.946868848531132,0.0,0.82,1.0,0.9246540189928812,0.7866666666666666,0.5,-0.015000000000000013,0.008290970709271428,0.0073260073260073,0.045,,,,,,,,30.0,28.0,0.0019711659604639865,0.024105026864303405,0.0,0.8932675201607961,0.15316438149018632,0.3,0.3000073226935205,0.3000046105587269,9.0077233662611e-06,0.35,0.3499693181060509,0.3499798031111348,3.116903591587894e-05
52,bank_marketing,logistic_regression,base_model,natural,2233.0,0.703090013434841,0.6964139484374372,0.7441285537700866,0.5689981096408318,0.6448848419925014,0.3154425612052731,0.40478223740392827,1.2832201078297665,0.08933967619865518,0.5363825363825364,0.5961871750433275,0.13253012048192772,0.21885521885521886,0.05980463866079111,0.08632509837329114,0.08632509837329114,1.0,0.7579125608333668,0.0,0.0,1.4474817847956205,0.0,0.9180474697716077,1.0,1.4461259242488687,0.9166284928996793,0.5833333333333333,0.0,0.0,0.0,0.0,,,,,,,,,,,,,,,,,,,,,,
52,bank_marketing,logistic_regression,group_threshold,natural,2233.0,0.6896551724137931,0.6792245505369424,0.7803379416282642,0.48015122873345933,0.5944997074312462,0.2570621468926554,0.322801024765158,1.2557314589765485,0.0657388778725026,0.4594594594594595,0.49740034662045063,0.08950086058519793,0.1531986531986532,0.037940887160991144,0.06369779261345526,0.06369779261345526,1.0,0.7579125608333668,0.07075682937751904,158.0,1.4395022801411488,0.0,0.8468428123600538,1.0,1.4390235174791919,0.8437929454878608,0.6388888888888888,-0.01343484102104786,-0.027488648853218,-0.022627305759835875,0.07075682937751904,,,,,,,,,,,,,,,,,,,,,,
52,bank_marketing,logistic_regression,guard_threshold,natural,2233.0,0.6936856247201075,0.6847484213489925,0.7619047619047619,0.5141776937618148,0.6139954853273139,0.2768361581920904,0.35866780529462,1.295595949737709,0.0818316471025296,0.48440748440748443,0.5389948006932409,0.10499139414802065,0.1835016835016835,0.05458731628575647,0.07851028935366285,0.07851028935366285,1.0,0.7579125608333668,0.04254366323331841,95.0,1.4842063250912925,0.0,0.8844603672189879,1.0,1.4847514755065265,0.8822721026110857,0.6666666666666667,-0.00940438871473348,0.012375841907942497,-0.007814809019628291,0.04254366323331841,0.5615763546798029,99.0,0.07075682937751904,0.04254366323331841,0.6012658227848101,,,,,,,,,,,,,,,,,
52,bank_marketing,logistic_regression,universal_rl,natural,2233.0,0.7026421854008061,0.6963648795398785,0.738498789346247,0.5765595463137996,0.6475583864118896,0.3154425612052731,0.4192997438087105,1.329242769924927,0.1038571826034374,0.5363825363825364,0.610051993067591,0.13253012048192772,0.234006734006734,0.07366945668505454,0.10147661352480628,0.10147661352480628,1.0,0.7579125608333668,0.00761307657859382,17.0,1.4806585339872889,0.0,0.9592476489028213,1.0,1.4800625623363604,0.9587723316536876,0.5833333333333333,-0.0004478280340348695,0.04602266209516048,0.015151515151515138,0.00761307657859382,,,,,,0.703090013434841,1.2832201078297665,,,,,,,,,,,,,,,
52,bank_marketing,logistic_regression,coda,natural,2233.0,0.7004030452306315,0.6971548083497566,0.7036649214659686,0.6351606805293005,0.6676602086438151,0.4209039548022599,0.43381725021349277,1.0306799099031976,0.012913295411232872,0.6444906444906445,0.6273830155979203,0.23580034423407917,0.24579124579124578,-0.017107628892724214,0.009990901557166615,0.017107628892724214,1.0,0.7579125608333668,0.07971339005821765,178.0,1.1399270382187543,0.0,0.7720555306762203,1.0,1.1325867262686071,0.7672927164452589,0.5833333333333333,-0.00268696820420955,-0.2525401979265689,-0.06921746948056692,0.07971339005821765,,,,,,,,1703.0,645.0,1.6814246267579303,4.4978270279613515,2.679917585656344,0.8188126757544628,0.12568015900740653,0.55,0.44946422729379465,0.4866668790355037,0.16042021283488728,0.55,0.45207854537678993,0.4429526297402258,0.11999999999999988
52,bank_marketing,xgboost,base_model,natural,2233.0,0.7357814599193909,0.7299718457145156,0.7779097387173397,0.6190926275992439,0.6894736842105263,0.3380414312617702,0.41246797608881297,1.2201698902682991,0.07442654482704275,0.5925155925155925,0.6412478336221837,0.12736660929432014,0.19023569023569023,0.048732241106591245,0.06286908094137009,0.06286908094137009,1.0,0.7896520934722279,0.0,0.0,1.3383164874045144,0.0,0.877295118674429,1.0,1.33596483468858,0.874942739349519,0.6666666666666667,0.0,0.0,0.0,0.0,,,,,,,,,,,,,,,,,,,,,,
52,bank_marketing,xgboost,group_threshold,natural,2233.0,0.7380206000895656,0.7352053251819973,0.7440660474716202,0.6814744801512287,0.7113961519486927,0.3851224105461394,0.47822374039282667,1.241744773342743,0.09310132984668729,0.6486486486486487,0.708838821490468,0.16695352839931152,0.2542087542087542,0.06019017284181927,0.0872552258094427,0.0872552258094427,1.0,0.7896520934722279,0.05687416032243618,127.0,1.3558647566259734,0.0,0.9359605911330049,1.0,1.3565092633425708,0.9349519010535959,0.5535714285714286,0.0022391401701746805,0.021574883074443774,0.024386144868072612,0.05687416032243618,,,,,,,,,,,,,,,,,,,,,,
52,bank_marketing,xgboost,guard_threshold,natural,2233.0,0.741603224361845,0.7377625387121425,0.76,0.6644612476370511,0.7090267271810388,0.3681732580037665,0.4560204953031597,1.2386029821277635,0.0878472372993932,0.6340956340956341,0.6897746967071057,0.14802065404475043,0.22895622895622897,0.0556790626114716,0.08093557491147854,0.08093557491147854,1.0,0.7896520934722279,0.03716972682489924,83.0,1.3655381027520925,0.0,0.9108822212270488,1.0,1.3638099409969364,0.9092991296381127,0.564935064935065,0.00582176444245408,0.0184330918594644,0.018066493970108455,0.03716972682489924,0.6372592924317062,73.0,0.05687416032243618,0.03716972682489924,0.6535433070866141,,,,,,,,,,,,,,,,,
52,bank_marketing,xgboost,universal_rl,natural,2233.0,0.7317510076130765,0.7265655793749748,0.7640966628308401,0.6275992438563327,0.6891541255838091,0.3380414312617702,0.43552519214346713,1.2883781450037943,0.09748376088169691,0.5925155925155925,0.6568457538994801,0.12736660929432014,0.22053872053872053,0.06433016138388759,0.09317211124440039,0.09317211124440039,1.0,0.7896520934722279,0.012091356918943126,27.0,1.3941496944850895,0.0,0.9601433049708912,1.0,1.3930768600715042,0.9596885020613835,0.6153846153846154,-0.0040304523063143805,0.06820825473549519,0.030303030303030304,0.012091356918943126,,,,,,0.7357814599193909,1.2201698902682991,,,,,,,,,,,,,,,
52,bank_marketing,xgboost,coda,natural,2233.0,0.7178683385579937,0.7186445722559627,0.6903914590747331,0.7334593572778828,0.7112740604949587,0.4971751412429379,0.5089666951323655,1.023717102709417,0.011791553889427597,0.7318087318087318,0.7348353552859619,0.3029259896729776,0.2895622895622896,0.0030266234772300393,-0.013363700110688048,0.013363700110688048,1.0,0.7896520934722279,0.12628750559785043,282.0,1.0865929872615687,0.0,0.7563815494849978,1.0,1.0810700233101767,0.7512597343105818,0.6428571428571429,-0.017913121361397222,-0.19645278755888218,-0.04950538083068204,0.12628750559785043,,,,,,,,1696.0,851.0,0.4816261721953725,1.9234661298972828,0.9693604088789509,0.8359099140267351,0.11798456751535377,0.45,0.34869251234224463,0.4241360542099823,0.1422031163229825,0.45,0.33128058200611854,0.3718264842223164,0.12
52,recruitment,logistic_regression,base_model,natural,24240.0,0.9999587458745874,0.9999722145040288,0.999839897534422,1.0,0.9999199423584981,0.2698128783709411,0.23948887056883758,0.8876109695534481,-0.03032400780210351,1.0,1.0,9.420631182289213e-05,0.0,0.0,-9.420631182289213e-05,9.420631182289213e-05,1.0,1.0,0.0,0.0,0.9888054778333412,0.0,0.576443894389439,1.0,0.98857789383132,0.5759404712691195,1.0,0.0,0.0,0.0,0.0,,,,,,,,,,,,,,,,,,,,,,
52,recruitment,logistic_regression,group_threshold,natural,24240.0,0.9999587458745874,0.9999722145040288,0.999839897534422,1.0,0.9999199423584981,0.2698128783709411,0.23948887056883758,0.8876109695534481,-0.03032400780210351,1.0,1.0,9.420631182289213e-05,0.0,0.0,-9.420631182289213e-05,9.420631182289213e-05,1.0,1.0,0.0,0.0,0.9888054778333412,0.0,0.576443894389439,1.0,0.98857789383132,0.5759404712691195,1.0,0.0,0.0,0.0,0.0,,,,,,,,,,,,,,,,,,,,,,
52,recruitment,logistic_regression,guard_threshold,natural,24240.0,0.9999587458745874,0.9999722145040288,0.999839897534422,1.0,0.9999199423584981,0.2698128783709411,0.23948887056883758,0.8876109695534481,-0.03032400780210351,1.0,1.0,9.420631182289213e-05,0.0,0.0,-9.420631182289213e-05,9.420631182289213e-05,1.0,1.0,0.0,0.0,0.9888054778333412,0.0,0.576443894389439,1.0,0.98857789383132,0.5759404712691195,1.0,0.0,0.0,0.0,0.0,0.6384488448844885,1345.0,0.0,0.0,0.0,,,,,,,,,,,,,,,,,
52,recruitment,logistic_regression,universal_rl,natural,24240.0,0.9872112211221122,0.991386496248958,0.9527078565980168,1.0,0.97578125,0.2698128783709411,0.2713314097279472,1.0056280907204083,0.0015185313570061365,1.0,1.0,9.420631182289213e-05,0.04186991869918699,0.0,0.0417757123873641,0.0417757123873641,1.0,1.0,0.012747524752475247,309.0,1.1056764990120145,0.0,0.6912128712871287,1.0,1.10415432090549,0.6906572964034725,1.0,-0.012747524752475203,0.11801712116696017,0.041681506075541205,0.012747524752475247,,,,,,0.9999587458745874,0.8876109695534481,,,,,,,,,,,,,,,
52,recruitment,logistic_regression,coda,natural,24240.0,0.9966996699669967,0.9968361463274538,0.9901415169343298,0.9971176941553243,0.993617360778682,0.27050082553659877,0.24288953009068426,0.8979252821460292,-0.027611295445914508,0.9959194083142056,0.9991394148020654,0.0025435704192180875,0.0047425474254742545,0.0032200064878598056,0.002198977006256167,0.0032200064878598056,1.0,1.0,0.0032590759075907592,79.0,0.9952620595424793,0.0,0.5891089108910891,1.0,0.9950478211000058,0.5886316659776767,1.0,-0.0032590759075907805,0.010314312592581087,0.0031258001760369135,0.0032590759075907592,,,,,,,,17440.0,2773.0,2.012666805913629,5.0,4.763817030122045,0.77707793068612,0.15752633327938861,0.5,0.5812710074485609,0.4077106849159693,0.2399999830474132,0.5,0.3809702256620222,0.4815609388048522,0.2399999999826179
52,recruitment,xgboost,base_model,natural,24240.0,0.9888613861386139,0.9832968903603017,0.9847476878143762,0.9718174539631705,0.978239845261122,0.26424050632911394,0.239282769991756,0.9055491654777831,-0.024957736337357955,0.9693955623565417,0.9759036144578314,0.0037682524729156855,0.007317073170731708,0.006508052101289685,0.0035488206978160223,0.006508052101289685,1.0,0.9994949936053316,0.0,0.0,1.0192843980885316,0.0,0.5957920792079208,1.0,1.0191198130948924,0.5953286482017363,1.0,0.0,0.0,0.0,0.0,,,,,,,,,,,,,,,,,,,,,,
52,recruitment,xgboost,group_threshold,natural,24240.0,0.9891914191419142,0.9862376592021047,0.9779517494807477,0.9801441152922338,0.9790467050543826,0.2708447991194276,0.239282769991756,0.8834682104648629,-0.031562029127671615,0.9826574853353737,0.9759036144578314,0.00791333019312294,0.007317073170731708,-0.006753870877542312,-0.0005962570223912314,0.006753870877542312,1.0,0.9994949936053316,0.0039603960396039604,96.0,0.9863748803900804,0.0,0.5777227722772277,1.0,0.9861422724164941,0.5772219925589086,1.0,0.00033003300330036733,-0.022080955012920178,0.0002458187762526265,0.0039603960396039604,,,,,,,,,,,,,,,,,,,,,,
52,recruitment,xgboost,guard_threshold,natural,24240.0,0.989026402640264,0.9852377817786322,0.9799325734467812,0.97742193755004,0.978675645342312,0.2687809576224546,0.239282769991756,0.8902519438444242,-0.029498187630698586,0.978321856669217,0.9759036144578314,0.006688648139425341,0.007317073170731708,-0.002418242211385646,0.0006284250313063665,0.002418242211385646,1.0,0.9994949936053316,0.0027227722772277226,66.0,0.9951511120041714,0.0,0.5846122112211221,1.0,0.9949366442364844,0.5841256717651923,1.0,0.00016501650165012816,-0.015297221633358893,-0.004089809889904039,0.0027227722772277226,0.7002062706270628,1036.0,0.0039603960396039604,0.0027227722772277226,0.6875,,,,,,,,,,,,,,,,,
52,recruitment,xgboost,universal_rl,natural,24240.0,0.9762788778877888,0.9750314283101946,0.9377702285361335,0.9724579663730984,0.9547991510101407,0.26424050632911394,0.2715375103050289,1.0276150090585523,0.0072970039759149286,0.9693955623565417,0.9776247848537005,0.0037682524729156855,0.0491869918699187,0.00822922249715885,0.04541873939700301,0.04541873939700301,1.0,0.9994949936053316,0.012912541254125413,313.0,1.139807266961566,0.0,0.7122112211221122,1.0,1.138355636122403,0.7116990491938817,1.0,-0.012582508250825075,0.12206584358076922,0.03891068729571333,0.012912541254125413,,,,,,0.9888613861386139,0.9055491654777831,,,,,,,,,,,,,,,
52,recruitment,xgboost,coda,natural,24240.0,0.9844884488448845,0.9842202408773364,0.9573009194327567,0.9836669335468374,0.9703048491549519,0.27318381948266374,0.25206100577081614,0.922679118580857,-0.0211228137118476,0.9795970415710278,0.9905335628227194,0.012246820536975978,0.01951219512195122,0.010936521251691644,0.007265374584975242,0.010936521251691644,1.0,0.9994949936053316,0.013201320132013201,320.0,1.0333362544928244,0.0,0.6126650165016502,1.0,1.0332007142623194,0.6122364613476643,1.0,-0.00437293729372934,0.01712995310307397,0.004428469150401959,0.013201320132013201,,,,,,,,16982.0,2967.0,1.7680053076104618,5.0,3.081423929963275,0.7842536479683964,0.15821203656098928,0.5,0.474659122007079,0.4059303056733421,0.23999999999999988,0.45,0.3301645523761779,0.4316539424671023,0.23999999999999977
62,adult,logistic_regression,base_model,natural,6513.0,0.8420082911100876,0.7517948711334888,0.7117046347211312,0.5778061224489796,0.6378035902851109,0.25436179981634527,0.07649513212795549,0.30073356999040984,-0.17786666768838977,0.5912137006701415,0.49777777777777776,0.10421506803849984,0.027432712215320912,-0.09343592289236369,-0.07678235582317892,0.09343592289236369,0.0,0.8963651183425848,0.0,0.0,0.3346901074436637,0.0,0.096422539536312,1.0,0.33612310591947164,0.09670431688070555,1.0,0.0,0.0,0.0,0.0,,,,,,,,,,,,,,,,,,,,,,
62,adult,logistic_regression,group_threshold,natural,6513.0,0.810379241516966,0.6183810822104372,0.8741573033707866,0.24808673469387754,0.38648782911077995,0.07185491276400367,0.061196105702364396,0.8516620972507966,-0.010658807061639276,0.2137006701414743,0.4533333333333333,0.0086292731496847,0.015527950310559006,0.239632663191859,0.006898677160874306,0.239632663191859,1.0,0.8963651183425848,0.12713035467526485,828.0,0.9271604608903237,0.0,0.4317518808536773,1.0,0.932189245172008,0.4343184279746248,1.0,-0.03162904959312152,0.5509285272603868,0.1461967402994953,0.12713035467526485,,,,,,,,,,,,,,,,,,,,,,
62,adult,logistic_regression,guard_threshold,natural,6513.0,0.8159066482419776,0.639877878603413,0.8219895287958116,0.30038265306122447,0.43998131714152267,0.10009182736455463,0.06351414000927214,0.6345587015605262,-0.036577687355282495,0.2740134028294862,0.4577777777777778,0.022568868237636906,0.017598343685300208,0.18376437494829156,-0.004970524552336698,0.18376437494829156,0.0,0.8963651183425848,0.10747735298633503,700.0,0.8108784669752271,0.0,0.3425456778750192,1.0,0.8159954230522387,0.34473154881633916,1.0,-0.02610164286811001,0.33382513157011634,0.09032845205592788,0.10747735298633503,0.8395516658989712,211.0,0.12713035467526485,0.10747735298633503,0.8454106280193237,,,,,,,,,,,,,,,,,
62,adult,logistic_regression,universal_rl,natural,6513.0,0.8240442192538001,0.7486753523451848,0.6435374149659864,0.6033163265306123,0.6227781435154708,0.25436179981634527,0.16782568382012053,0.65979122628199,-0.08653611599622474,0.5912137006701415,0.6755555555555556,0.10421506803849984,0.10869565217391304,0.08434185488541412,0.004480584135413204,0.08434185488541412,0.0,0.8963651183425848,0.03024719791186857,197.0,0.7058158017059817,0.0,0.31690465223399356,1.0,0.7057086119342523,0.31517870957759553,1.0,-0.017964071856287456,0.3590576562915802,-0.009094068006949563,0.03024719791186857,,,,,,0.8420082911100876,0.30073356999040984,,,,,,,,,,,,,,,
62,adult,logistic_regression,coda,natural,6513.0,0.812375249500998,0.6297127458162233,0.8301526717557252,0.2774234693877551,0.4158699808795411,0.08241505968778697,0.07649513212795549,0.9281693469341896,-0.005919927559831478,0.24125093075204765,0.49333333333333335,0.011616329239960173,0.027950310559006212,0.25208240258128567,0.016333981319046037,0.25208240258128567,1.0,0.8963651183425848,0.1162290803009366,757.0,1.147343050516854,0.0,0.48042376784891755,1.0,1.1540752433520471,0.48336685749651864,1.0,-0.029633041609089528,0.6274357769437797,0.15864647968892198,0.1162290803009366,,,,,,,,3770.0,2187.0,4.706383324299286,5.0,3.816118527536666,0.5828589006809364,0.2667544362439737,0.6,0.49133999999997646,0.5208265128853659,0.23999999999999994,0.85,0.8998051858298759,0.8350521074129322,0.21999999999999953
62,adult,xgboost,base_model,natural,6513.0,0.8694917856594503,0.7894928396029797,0.7817896389324961,0.6352040816326531,0.7009148486981,0.25573921028466484,0.07417709782104775,0.2900497649088725,-0.1815621124636171,0.6492926284437825,0.5511111111111111,0.08031861931629605,0.018633540372670808,-0.09818151733267144,-0.061685078943625245,0.09818151733267144,0.0,0.9224339546233054,0.0,0.0,0.3217876076052674,0.0,0.0783049286043298,1.0,0.32320108513717033,0.07844654185362834,1.0,0.0,0.0,0.0,0.0,,,,,,,,,,,,,,,,,,,,,,
62,adult,xgboost,group_threshold,natural,6513.0,0.8529095654844158,0.750045461814655,0.7723214285714286,0.5516581632653061,0.6436011904761906,0.1797520661157025,0.15623551228558183,0.8691722752439265,-0.023516553830120662,0.5100521221146687,0.8,0.032525721871888486,0.08126293995859213,0.2899478778853314,0.04873721808670364,0.2899478778853314,1.0,0.9224339546233054,0.07799785045294028,508.0,1.018738025991653,0.0,0.536158452326117,1.0,1.0199685085733163,0.5355098251585951,0.9166666666666666,-0.016582220175034523,0.5791225103350539,0.19176636055265994,0.07799785045294028,,,,,,,,,,,,,,,,,,,,,,
62,adult,xgboost,guard_threshold,natural,6513.0,0.8582834331337326,0.7592462882524091,0.783641160949868,0.5682397959183674,0.6587800369685768,0.19168962350780533,0.14000927213722764,0.7303956759637887,-0.05168035137057769,0.5383469843633656,0.7466666666666667,0.03717225356787255,0.06935817805383022,0.2083196823033011,0.032185924485957675,0.2083196823033011,0.0,0.9224339546233054,0.06463995086749577,421.0,0.8481467627448197,0.0,0.41409488714877934,1.0,0.8523464534287685,0.4166795605755841,0.9166666666666666,-0.011208352525717724,0.4403459110549162,0.11013816497062967,0.06463995086749577,0.8292645478274221,226.0,0.07799785045294028,0.06463995086749577,0.8287401574803149,,,,,,,,,,,,,,,,,
62,adult,xgboost,universal_rl,natural,6513.0,0.8502994011976048,0.7849111269887126,0.7012898845892735,0.6588010204081632,0.6793817823084511,0.25573921028466484,0.1664348632359759,0.6507991600142827,-0.08930434704868895,0.6492926284437825,0.7155555555555555,0.08031861931629605,0.10248447204968944,0.06626292711177295,0.022165852733393387,0.06626292711177295,0.0,0.9224339546233054,0.0305542760632581,199.0,0.7003242567725768,0.0,0.3138338707200983,1.0,0.7008514322500332,0.31363144050750424,1.0,-0.019192384461845458,0.3607493951054102,-0.03191859022089849,0.0305542760632581,,,,,,0.8694917856594503,0.2900497649088725,,,,,,,,,,,,,,,
62,adult,xgboost,coda,natural,6513.0,0.8380162751420236,0.7644095251852006,0.6782487838776928,0.6224489795918368,0.6491519787163286,0.22130394857667585,0.22021325915623552,0.9950715320379273,-0.0010906894204403272,0.5822784810126582,0.8622222222222222,0.0604049120477929,0.14544513457556935,0.279943741209564,0.08504022252777645,0.279943741209564,1.0,0.9224339546233054,0.0713956701980654,465.0,1.1533353452815596,0.0,0.6183018578228159,1.0,1.1556071192084956,0.618288720408479,1.0,-0.0314755105174267,0.7050217671290548,0.18176222387689256,0.0713956701980654,,,,,,,,4707.0,2814.0,3.3522878706680714,5.0,3.7876244052704386,0.7404483874376745,0.1789171768765849,0.2,0.08875845379951788,0.10672082647763978,0.13198892529817938,0.65,0.543963784390225,0.5638431287355369,0.12126481294402391
62,compas,logistic_regression,base_model,natural,2648.0,0.6654078549848943,0.6653888280394304,0.6646795827123696,0.6716867469879518,0.6681647940074906,0.6768916155419223,0.40718562874251496,0.6015521826437759,-0.2697059867994074,0.7926186291739895,0.5810276679841897,0.5158924205378973,0.2623490669593853,-0.2115909611897998,-0.253543353578512,0.253543353578512,0.0,0.7192702628696604,0.0,0.0,0.6163512722850288,0.0,0.1423716012084592,1.0,0.62039395318589,0.14511162432640493,0.8888888888888888,0.0,0.0,0.0,0.0,,,,,,,,,,,,,,,,,,,,,,
62,compas,logistic_regression,group_threshold,natural,2648.0,0.645392749244713,0.6450757575757575,0.6213349968808484,0.75,0.6796315250767656,0.591002044989775,0.6137724550898204,1.038528479373433,0.022770410100045324,0.718804920913884,0.7733860342555995,0.4132029339853301,0.4807903402854007,0.05458111334171545,0.0675874063000706,0.0675874063000706,1.0,0.7192702628696604,0.16200906344410876,429.0,1.0652967379717024,0.0,0.870845921450151,1.0,1.0704578759400503,0.8775981524249422,0.5714285714285714,-0.020015105740181283,0.4369762967296572,-0.1859559472784414,0.16200906344410876,,,,,,,,,,,,,,,,,,,,,,
62,compas,logistic_regression,guard_threshold,natural,2648.0,0.6469033232628398,0.6467095655348667,0.631438127090301,0.7108433734939759,0.6687920651788877,0.6134969325153374,0.5359281437125748,0.8735628742514969,-0.07756878880276263,0.7328646748681898,0.69433465085639,0.4474327628361858,0.4039517014270033,-0.038530024011799835,-0.04348106140918251,0.04348106140918251,1.0,0.7192702628696604,0.10460725075528701,277.0,0.8884668357152197,0.0,0.6042296072507553,1.0,0.8963849194143347,0.6158583525789069,0.5384615384615384,-0.018504531722054463,0.27201069160772107,-0.21006229216932948,0.10460725075528701,0.618202416918429,122.0,0.16200906344410876,0.10460725075528701,0.6456876456876457,,,,,,,,,,,,,,,,,
62,compas,logistic_regression,universal_rl,natural,2648.0,0.6487915407854985,0.648464311792625,0.6234491315136477,0.7567771084337349,0.6836734693877551,0.6768916155419223,0.5688622754491018,0.8404037845758634,-0.1080293400928205,0.7926186291739895,0.7299077733860343,0.5158924205378973,0.43468715697036225,-0.06271085578795521,-0.08120526356753505,0.08120526356753505,1.0,0.7192702628696604,0.10196374622356495,270.0,0.8457297331291566,0.0,0.5649546827794562,1.0,0.848275215106327,0.5700538876058506,0.6142857142857143,-0.0166163141993958,0.23885160193208754,-0.17233809001097694,0.10196374622356495,,,,,,0.6654078549848943,0.6015521826437759,,,,,,,,,,,,,,,
62,compas,logistic_regression,coda,natural,2648.0,0.6314199395770392,0.6309624863088719,0.6019698725376593,0.7823795180722891,0.6804191224623445,0.656441717791411,0.6491017964071857,0.9888186244333763,-0.007339921384225345,0.7715289982425307,0.7905138339920948,0.4963325183374083,0.531284302963776,0.01898483574956411,0.03495178462636772,0.03495178462636772,1.0,0.7192702628696604,0.17220543806646527,456.0,1.0208579026534468,0.0,0.8285498489425982,1.0,1.0251637897496186,0.8344880677444187,0.6458333333333334,-0.03398791540785506,0.38726644178960046,-0.21859156895214427,0.17220543806646527,,,,,,,,1517.0,615.0,0.13132197163964884,0.8567980038962147,7.018750211943191e-05,0.8923772919514402,0.08159186533581217,0.4,0.3532324371528478,0.38387784049274476,0.06326159224823819,0.55,0.4617725391214945,0.508766069175478,0.08855067379270015
62,compas,xgboost,base_model,natural,2648.0,0.7061933534743202,0.7061838262139467,0.7061469265367316,0.7093373493975904,0.7077385424492862,0.647239263803681,0.41976047904191616,0.6485398870505434,-0.22747878476176486,0.820738137082601,0.6258234519104084,0.4058679706601467,0.24807903402854006,-0.19491468517219257,-0.15778893663160662,0.19491468517219257,0.0,0.7743995869843008,0.0,0.0,0.6765762713015938,0.0,0.20166163141993956,1.0,0.6760570740009277,0.20015396458814472,0.8636363636363636,0.0,0.0,0.0,0.0,,,,,,,,,,,,,,,,,,,,,,
62,compas,xgboost,group_threshold,natural,2648.0,0.6986404833836858,0.6986696787148594,0.7038461538461539,0.6890060240963856,0.6963470319634705,0.4897750511247444,0.49161676646706587,1.00376032902879,0.0018417153423214705,0.6608084358523726,0.7101449275362319,0.25183374083129584,0.30954994511525796,0.04933649168385934,0.057716204283962125,0.057716204283962125,1.0,0.7743995869843008,0.10347432024169184,274.0,1.0655206841376381,0.0,0.7877643504531722,1.0,1.0682677321695773,0.7859892224788299,0.7171052631578947,-0.007552870090634434,0.35522044197824654,-0.13719848088823045,0.10347432024169184,,,,,,,,,,,,,,,,,,,,,,
62,compas,xgboost,guard_threshold,natural,2648.0,0.7031722054380665,0.7032060058415479,0.7091049382716049,0.6920180722891566,0.7004573170731707,0.5429447852760736,0.45808383233532934,0.8437024256571602,-0.08486095294074425,0.7100175746924429,0.6785243741765481,0.3105134474327628,0.27442371020856204,-0.03149320051589477,-0.03608973722420078,0.03608973722420078,1.0,0.7743995869843008,0.06268882175226587,166.0,0.8932143569239999,0.0,0.5426737160120846,1.0,0.8968644838269982,0.5477290223248653,0.7171052631578947,-0.0030211480362537513,0.1951625386066168,-0.1588249479479918,0.06268882175226587,0.5830815709969789,114.0,0.10347432024169184,0.06268882175226587,0.6058394160583942,,,,,,,,,,,,,,,,,
62,compas,xgboost,universal_rl,natural,2648.0,0.6952416918429003,0.6949890470974809,0.6683904330963154,0.7786144578313253,0.7193043478260869,0.647239263803681,0.5473053892215569,0.8455997956693249,-0.0999338745821241,0.820738137082601,0.7470355731225297,0.4058679706601467,0.3809001097694841,-0.07370256396007135,-0.024967860890662608,0.07370256396007135,1.0,0.7743995869843008,0.0804380664652568,213.0,0.8571631398305538,0.0,0.570619335347432,1.0,0.8572764935305418,0.5708237105465743,0.5972222222222222,-0.010951661631419918,0.19705990861878142,-0.12121212121212122,0.0804380664652568,,,,,,0.7061933534743202,0.6485398870505434,,,,,,,,,,,,,,,
62,compas,xgboost,coda,natural,2648.0,0.6937311178247734,0.693578860898138,0.6771761480466073,0.7439759036144579,0.7090060997488339,0.549079754601227,0.5520958083832336,1.005492924764995,0.0030160537820065336,0.7223198594024605,0.7602108036890646,0.3080684596577017,0.3787047200878156,0.03789094428660411,0.0706362604301139,0.0706362604301139,1.0,0.7743995869843008,0.1197129909365559,317.0,1.0600282996052075,0.0,0.8141993957703928,1.0,1.0626696435468383,0.812933025404157,0.7727272727272727,-0.012462235649546849,0.35695303771445164,-0.12427842474207867,0.1197129909365559,,,,,,,,1661.0,605.0,0.358554179244032,1.8089588337710232,0.2096520560379966,0.8689324920715316,0.09610409725603034,0.45,0.37433958917789417,0.41769882962375515,0.09204308225359797,0.6,0.5277998778817747,0.5755608689697022,0.07220902438376675
62,german_credit,logistic_regression,base_model,natural,200.0,0.815,0.763095238095238,0.8503401360544217,0.8928571428571429,0.8710801393728222,0.7906976744186046,0.6338028169014085,0.8015741507870755,-0.15689485751719612,0.9239130434782609,0.8333333333333334,0.4594594594594595,0.21739130434782608,-0.0905797101449275,-0.2420681551116334,0.2420681551116334,1.0,0.8567857142857143,0.0,0.0,0.7586602672080738,0.0,0.405,1.0,0.780007125125558,0.3933333333333333,0.6666666666666666,0.0,0.0,0.0,0.0,,,,,,,,,,,,,,,,,,,,,,
62,german_credit,logistic_regression,group_threshold,natural,200.0,0.825,0.736904761904762,0.8220858895705522,0.9571428571428572,0.8844884488448845,0.813953488372093,0.8169014084507042,1.0036217303822939,0.0029479200786112214,0.9565217391304348,0.9583333333333334,0.4594594594594595,0.5217391304347826,0.0018115942028985588,0.06227967097532311,0.06227967097532311,1.0,0.8567857142857143,0.08,16.0,0.971547747085431,0.0,0.885,1.0,0.979296117946351,0.9333333333333333,0.55,0.010000000000000009,0.20204757959521835,-0.1797884841363103,0.08,,,,,,,,,,,,,,,,,,,,,,
62,german_credit,logistic_regression,guard_threshold,natural,200.0,0.805,0.7464285714285714,0.8389261744966443,0.8928571428571429,0.8650519031141869,0.7906976744186046,0.6619718309859155,0.8371996685998343,-0.1287258434326891,0.9239130434782609,0.8333333333333334,0.4594594594594595,0.30434782608695654,-0.0905797101449275,-0.15511163337250294,0.15511163337250294,1.0,0.8567857142857143,0.01,2.0,0.792454534751155,0.0,0.525,1.0,0.825066148516333,0.5533333333333333,0.5454545454545454,-0.009999999999999898,0.0356255178127588,-0.08695652173913046,0.01,0.4,5.0,0.08,0.01,0.125,,,,,,,,,,,,,,,,,
62,german_credit,logistic_regression,universal_rl,natural,200.0,0.81,0.7452380952380953,0.8355263157894737,0.9071428571428571,0.8698630136986301,0.7906976744186046,0.704225352112676,0.8906379453189727,-0.0864723223059286,0.9239130434782609,0.875,0.4594594594594595,0.34782608695652173,-0.048913043478260865,-0.11163337250293776,0.11163337250293776,1.0,0.8567857142857143,0.025,5.0,0.9071207787681508,0.0,0.825,1.0,0.8721284980968119,0.82,0.41666666666666663,-0.004999999999999893,0.08906379453189717,-0.13043478260869565,0.025,,,,,,0.815,0.8015741507870755,,,,,,,,,,,,,,,
62,german_credit,logistic_regression,coda,natural,200.0,0.825,0.736904761904762,0.8220858895705522,0.9571428571428572,0.8844884488448845,0.813953488372093,0.8169014084507042,1.0036217303822939,0.0029479200786112214,0.9565217391304348,0.9583333333333334,0.4594594594594595,0.5217391304347826,0.0018115942028985588,0.06227967097532311,0.06227967097532311,1.0,0.8567857142857143,0.08,16.0,0.971547747085431,0.0,0.885,1.0,0.979296117946351,0.9333333333333333,0.55,0.010000000000000009,0.20204757959521835,-0.1797884841363103,0.08,,,,,,,,112.0,77.0,0.018046617193185416,0.07119126521706692,0.0,0.8704418046143155,0.10905649348071404,0.25,0.24938231086639095,0.24980698273783142,0.0006176891336090451,0.45,0.4501853067400825,0.45005790517865063,0.00018530674008249148
62,german_credit,xgboost,base_model,natural,200.0,0.745,0.694047619047619,0.8156028368794326,0.8214285714285714,0.8185053380782918,0.751937984496124,0.6197183098591549,0.8241614636271235,-0.13221967463696915,0.8478260869565217,0.7708333333333334,0.5135135135135135,0.30434782608695654,-0.07699275362318836,-0.20916568742655695,0.20916568742655695,1.0,0.8180952380952382,0.0,0.0,0.7418949824600776,0.0,0.56,1.0,0.8597216576882198,0.7466666666666667,0.75,0.0,0.0,0.0,0.0,,,,,,,,,,,,,,,,,,,,,,
62,german_credit,xgboost,group_threshold,natural,200.0,0.775,0.6773809523809524,0.7914110429447853,0.9214285714285714,0.8514851485148515,0.8062015503875969,0.8309859154929577,1.0307421451787648,0.02478436510536086,0.9130434782608695,0.9375,0.5405405405405406,0.6086956521739131,0.024456521739130488,0.06815511163337251,0.06815511163337251,1.0,0.8180952380952382,0.11,22.0,0.9865941960970278,0.0,0.885,1.0,1.0515179285298737,1.0,0.5,0.030000000000000027,0.20658068155164133,-0.14101057579318443,0.11,,,,,,,,,,,,,,,,,,,,,,
62,german_credit,xgboost,guard_threshold,natural,200.0,0.76,0.6857142857142857,0.8026315789473685,0.8714285714285714,0.8356164383561644,0.7751937984496124,0.7323943661971831,0.9447887323943662,-0.042799432252429326,0.8804347826086957,0.8541666666666666,0.5135135135135135,0.4782608695652174,-0.026268115942029047,-0.03525264394829608,0.03525264394829608,1.0,0.8180952380952382,0.055,11.0,0.8774283042212723,0.0,0.745,1.0,1.0188653388574547,0.9933333333333333,0.5,0.015000000000000013,0.12062726876724272,-0.17391304347826086,0.055,0.415,3.0,0.11,0.055,0.5,,,,,,,,,,,,,,,,,
62,german_credit,xgboost,universal_rl,natural,200.0,0.745,0.6845238095238095,0.8068965517241379,0.8357142857142857,0.8210526315789474,0.751937984496124,0.676056338028169,0.8990852330477711,-0.07588164646795503,0.8478260869565217,0.8125,0.5135135135135135,0.391304347826087,-0.03532608695652173,-0.12220916568742651,0.12220916568742651,1.0,0.8180952380952382,0.02,4.0,0.9078528277192665,0.0,0.775,1.0,0.9070693349100198,0.8066666666666666,0.5,0.0,0.0749237694206476,-0.08695652173913043,0.02,,,,,,0.745,0.8241614636271235,,,,,,,,,,,,,,,
62,german_credit,xgboost,coda,natural,200.0,0.775,0.6773809523809524,0.7914110429447853,0.9214285714285714,0.8514851485148515,0.8062015503875969,0.8309859154929577,1.0307421451787648,0.02478436510536086,0.9130434782608695,0.9375,0.5405405405405406,0.6086956521739131,0.024456521739130488,0.06815511163337251,0.06815511163337251,1.0,0.8180952380952382,0.11,22.0,0.9865941960970278,0.0,0.885,1.0,1.0515179285298737,1.0,0.5,0.030000000000000027,0.20658068155164133,-0.14101057579318443,0.11,,,,,,,,68.0,61.0,0.013643268587680201,0.06755496176786369,0.0,0.9002634239623307,0.11664836310325946,0.15,0.149914988008167,0.14994188130744934,8.609371091045093e-05,0.35,0.35002221280666523,0.35001700439744254,2.5828113273063114e-05
62,bank_marketing,logistic_regression,base_model,natural,2233.0,0.7178683385579937,0.7108800225234284,0.7695214105793451,0.5775047258979206,0.6598272138228941,0.34424695977549113,0.36597938144329895,1.063130322725235,0.02173242166780781,0.5866935483870968,0.5693950177935944,0.1343804537521815,0.1760797342192691,-0.017298530593502393,0.041699280467087596,0.041699280467087596,1.0,0.7678373486707156,0.0,0.0,1.165523949160222,0.0,0.7841468875951635,1.0,1.165556475208936,0.7837837837837838,0.6428571428571428,0.0,0.0,0.0,0.0,,,,,,,,,,,,,,,,,,,,,,
62,bank_marketing,logistic_regression,group_threshold,natural,2233.0,0.6972682489923869,0.684576278003459,0.8447653429602888,0.44234404536862004,0.5806451612903226,0.2469597754911132,0.24914089347079038,1.0088318754555867,0.002181117979677183,0.45161290322580644,0.43416370106761565,0.06980802792321117,0.07641196013289037,-0.01744920215819079,0.0066039322096791975,0.01744920215819079,1.0,0.7678373486707156,0.10747872816838334,240.0,1.22420137253537,0.0,0.6730855351545006,1.0,1.2314352398320603,0.6701786532295007,0.5272727272727273,-0.020600089565606772,-0.05429844726964839,-0.024250078308896805,0.10747872816838334,,,,,,,,,,,,,,,,,,,,,,
62,bank_marketing,logistic_regression,guard_threshold,natural,2233.0,0.703090013434841,0.6925552025097534,0.8062015503875969,0.4914933837429111,0.6106870229007634,0.28344246959775493,0.29381443298969073,1.0365928345411861,0.010371963391935801,0.5040322580645161,0.4804270462633452,0.0924956369982548,0.11960132890365449,-0.023605211801170922,0.027105691905399687,0.027105691905399687,1.0,0.7678373486707156,0.06672637707120466,149.0,1.2022444573003475,0.0,0.7348858038513211,1.0,1.2069921587862473,0.7333944113605131,0.5833333333333333,-0.014778325123152691,-0.026537488184048996,-0.014593588561687909,0.06672637707120466,0.5799373040752351,85.0,0.10747872816838334,0.06672637707120466,0.6208333333333333,,,,,,,,,,,,,,,,,
62,bank_marketing,logistic_regression,universal_rl,natural,2233.0,0.7151813703537842,0.7091738728230704,0.7523923444976076,0.5945179584120983,0.6642027455121435,0.34424695977549113,0.4020618556701031,1.1679459883460332,0.05781489589461197,0.5866935483870968,0.6014234875444839,0.1343804537521815,0.2159468438538206,0.014729939157387184,0.0815663901016391,0.0815663901016391,1.0,0.7678373486707156,0.018808777429467086,42.0,1.2652138289378452,0.0,0.9207344379758173,1.0,1.2628881266318253,0.9230416857535502,0.6428571428571428,-0.00268696820420955,0.10481566562079814,0.039867109634551506,0.018808777429467086,,,,,,0.7178683385579937,1.063130322725235,,,,,,,,,,,,,,,
62,bank_marketing,logistic_regression,coda,natural,2233.0,0.7089117778772951,0.699734143104211,0.7905982905982906,0.5245746691871456,0.6306818181818182,0.3086997193638915,0.31958762886597936,1.0352702280537331,0.010887909502087845,0.5362903225806451,0.5142348754448398,0.11169284467713787,0.1378737541528239,-0.022055447135805317,0.026180909475686034,0.026180909475686034,1.0,0.7678373486707156,0.0600089565606807,134.0,1.1752654954921817,0.0,0.7115987460815048,1.0,1.1813785227283315,0.7095739807604214,0.7411764705882353,-0.008956560680698611,-0.027860094671501967,-0.015518370991401562,0.0600089565606807,,,,,,,,1711.0,273.0,3.326157582409792,5.0,5.0,0.797983346698458,0.12419243298269907,0.6,0.48032665388987356,0.5408462086990442,0.18498380358533884,0.6,0.5551147389106135,0.5289769429276343,0.13622249633342692
62,bank_marketing,xgboost,base_model,natural,2233.0,0.7429467084639498,0.7362627197039778,0.8009950248756219,0.6086956521739131,0.6917293233082707,0.35734331150608045,0.36254295532646047,1.0145508357172415,0.005199643820380018,0.6290322580645161,0.5907473309608541,0.12216404886561955,0.14950166112956811,-0.03828492710366205,0.02733761226394857,0.03828492710366205,1.0,0.8008269315850863,0.0,0.0,1.1426128059197884,0.0,0.6963725929243171,1.0,1.148569522239875,0.6949152542372882,0.6753246753246753,0.0,0.0,0.0,0.0,,,,,,,,,,,,,,,,,,,,,,
62,bank_marketing,xgboost,group_threshold,natural,2233.0,0.741603224361845,0.7374331335719744,0.7639956092206367,0.6578449905482041,0.7069578466226512,0.39195509822263797,0.422680412371134,1.0783898826366165,0.030725314148496052,0.6673387096774194,0.6494661921708185,0.15357766143106458,0.21096345514950166,-0.017872517506600905,0.05738579371843708,0.05738579371843708,1.0,0.8008269315850863,0.04791759964173757,107.0,1.1733285303323189,0.0,0.8150470219435737,1.0,1.17637510669607,0.814933577645442,0.6730769230769231,-0.0013434841021048305,0.06383904691937503,0.01910086661477503,0.04791759964173757,,,,,,,,,,,,,,,,,,,,,,
62,bank_marketing,xgboost,guard_threshold,natural,2233.0,0.741603224361845,0.7361625708884688,0.780630105017503,0.6323251417769377,0.6986945169712794,0.3760523854069224,0.390893470790378,1.0394654733206818,0.014841085383455632,0.6491935483870968,0.6174377224199288,0.13961605584642234,0.17940199335548174,-0.03175582596716797,0.0397859375090594,0.0397859375090594,1.0,0.8008269315850863,0.02373488580385132,53.0,1.1473279055654688,0.0,0.7218987908643081,1.0,1.1533926177546732,0.7210261108566194,0.6753246753246753,-0.0013434841021048305,0.02491463760344037,0.0015010104053973516,0.02373488580385132,0.5248544558889386,95.0,0.04791759964173757,0.02373488580385132,0.4953271028037383,,,,,,,,,,,,,,,,,
62,bank_marketing,xgboost,universal_rl,natural,2233.0,0.7384684281236006,0.7329485580983791,0.7775175644028103,0.6275992438563327,0.6945606694560669,0.35734331150608045,0.4054982817869416,1.134758280707436,0.04815497028086113,0.6290322580645161,0.6263345195729537,0.12216404886561955,0.19933554817275748,-0.002697738491562407,0.07717149930713793,0.07717149930713793,1.0,0.8008269315850863,0.02239140170174653,50.0,1.261172241742626,0.0,0.8925212718316167,1.0,1.2677030129862916,0.8946404031149794,0.6753246753246753,-0.00447828034034925,0.12020744499019442,0.03888657220347588,0.02239140170174653,,,,,,0.7429467084639498,1.0145508357172415,,,,,,,,,,,,,,,
62,bank_marketing,xgboost,coda,natural,2233.0,0.7210031347962382,0.7217644692917187,0.6936776491540516,0.7362948960302458,0.7143512150389728,0.500467726847521,0.5051546391752577,1.0093650640716831,0.004686912327736659,0.7600806451612904,0.7153024911032029,0.2757417102966841,0.3089700996677741,-0.044778154058087494,0.03322838937109002,0.044778154058087494,1.0,0.8008269315850863,0.14285714285714285,319.0,1.0742972834027318,0.0,0.7559337214509628,1.0,1.07507562231963,0.7544663307375172,0.5555555555555556,-0.021943573667711602,-0.005185771645558335,0.006493226954425446,0.14285714285714285,,,,,,,,1640.0,600.0,1.5605933454127159,5.0,1.6202694918974065,0.8516833001542433,0.10425064757192348,0.45,0.3310152528159833,0.3997124421645664,0.15795914106095332,0.45,0.3512247928473517,0.3701172870631981,0.23999999991459076
62,recruitment,logistic_regression,base_model,natural,24240.0,1.0,1.0,1.0,1.0,1.0,0.2722952964671855,0.23572383990122442,0.8656919269614769,-0.03657145656596106,1.0,1.0,0.0,0.0,0.0,0.0,0.0,1.0,1.0,0.0,0.0,0.9799427344908784,0.0,0.5424504950495049,1.0,0.979958380332896,0.543075651095494,1.0,0.0,0.0,0.0,0.0,,,,,,,,,,,,,,,,,,,,,,
62,recruitment,logistic_regression,group_threshold,natural,24240.0,0.9997524752475248,0.9995196156925541,1.0,0.9990392313851081,0.99951938481256,0.2722952964671855,0.23510649243749357,0.8634247285495306,-0.03718880402969191,1.0,0.9973810563072893,0.0,0.0,-0.0026189436927106513,0.0,0.0026189436927106513,1.0,1.0,0.00024752475247524753,6.0,0.9770254652436743,0.0,0.5415841584158416,1.0,0.9770350811781945,0.5422075237701529,1.0,-0.00024752475247524774,-0.002267198411946336,0.0026189436927106513,0.00024752475247524753,,,,,,,,,,,,,,,,,,,,,,
62,recruitment,logistic_regression,guard_threshold,natural,24240.0,0.9998762376237624,0.999759807846277,1.0,0.9995196156925541,0.9997597501401457,0.2722952964671855,0.23541516616935898,0.8645583277555037,-0.0368801302978265,1.0,0.9986905281536447,0.0,0.0,-0.0013094718463553257,0.0,0.0013094718463553257,1.0,1.0,0.00012376237623762376,3.0,0.9783613405802924,0.0,0.5422854785478548,1.0,0.9783737177288195,0.5429102935097148,1.0,-0.00012376237623756836,-0.0011335992059732236,0.0013094718463553257,0.00012376237623762376,0.6599422442244225,1331.0,0.00024752475247524753,0.00012376237623762376,0.5,,,,,,,,,,,,,,,,,
62,recruitment,logistic_regression,universal_rl,natural,24240.0,0.9971947194719472,0.998110586273965,0.9892285759543799,1.0,0.9945851250199076,0.2722952964671855,0.24272044449017388,0.8913868422968676,-0.029574851977011596,1.0,1.0,0.0,0.009154550350026925,0.0,0.009154550350026925,0.009154550350026925,1.0,1.0,0.0028052805280528053,68.0,1.0052779498645954,0.0,0.5668729372937293,1.0,1.0053459628322305,0.5675485737908227,1.0,-0.0028052805280528448,0.0256949153353907,0.009154550350026925,0.0028052805280528053,,,,,,1.0,0.8656919269614769,,,,,,,,,,,,,,,
62,recruitment,logistic_regression,coda,natural,24240.0,0.9967409240924092,0.9956615250522174,0.9939122076257609,0.9934347477982386,0.9936734203571714,0.27112457819709385,0.23716431731659635,0.8747429646315203,-0.0339602608804975,0.9896307536671725,1.0,0.002271221728021198,0.001884760366182014,0.010369246332827542,-0.0003864613618391839,0.010369246332827542,1.0,1.0,0.0032590759075907592,79.0,0.9893984367614841,0.0,0.553424092409241,1.0,0.989433627254743,0.554071930549814,1.0,-0.0032590759075907805,0.00905103767004345,0.010369246332827542,0.0032590759075907592,,,,,,,,18136.0,290.0,2.3113706983149642,5.0,2.849554430752763,0.7625592386686303,0.15613511223914361,0.55,0.4300017548835765,0.4549725616777633,0.22146760758647543,0.5,0.48587628498947727,0.507271015216589,0.2399999999976259
62,recruitment,xgboost,base_model,natural,24240.0,0.9892739273927392,0.9843589236490609,0.9839883551673945,0.9742193755004003,0.9790794979079498,0.26630397355554025,0.2382961210001029,0.89482750789824,-0.028007852555437363,0.9666160849772383,0.9873417721518988,0.004258540740039746,0.007269789983844911,0.0207256871746605,0.003011249243805165,0.0207256871746605,1.0,0.9995511696937434,0.0,0.0,1.0125993274510519,0.0,0.572483498349835,1.0,1.0126824734852151,0.573170731707317,1.0,0.0,0.0,0.0,0.0,,,,,,,,,,,,,,,,,,,,,,
62,recruitment,xgboost,group_threshold,natural,24240.0,0.9899752475247525,0.9880725475073029,0.9771065182829889,0.9841473178542834,0.9806142800159553,0.2736726120790579,0.2382961210001029,0.8707342659895556,-0.03537649107895502,0.9822964087000505,0.9873417721518988,0.008517081480079493,0.007269789983844911,0.00504536345184825,-0.0012472914962345814,0.00504536345184825,1.0,0.9995511696937434,0.004414191419141914,107.0,0.9847095116050631,0.0,0.5486798679867987,1.0,0.984735010231525,0.5493178999586606,1.0,0.0007013201320132945,-0.024093241908684337,-0.01568032372281225,0.004414191419141914,,,,,,,,,,,,,,,,,,,,,,
62,recruitment,xgboost,guard_threshold,natural,24240.0,0.9897689768976897,0.9868357703667796,0.9795298256836719,0.9807846277021617,0.9801568250920146,0.27112457819709385,0.2382961210001029,0.8789174429876795,-0.03282845719699096,0.9769853313100657,0.9873417721518988,0.007002933661398694,0.007269789983844911,0.01035644084183307,0.0002668563224462175,0.01035644084183307,1.0,0.9995511696937434,0.0028877887788778876,70.0,0.992476124247686,0.0,0.5588696369636964,1.0,0.9925176762281013,0.5595287308805291,1.0,0.0004950495049504955,-0.015910064910560462,-0.010369246332827431,0.0028877887788778876,0.7132838283828383,986.0,0.004414191419141914,0.0028877887788778876,0.6542056074766355,,,,,,,,,,,,,,,,,
62,recruitment,xgboost,universal_rl,natural,24240.0,0.9844884488448845,0.9818677058901915,0.9638059111743322,0.9764611689351481,0.9700922685332485,0.26630397355554025,0.25311246012964295,0.9504644513945035,-0.013191513425897305,0.9666160849772383,0.9934526407682235,0.004258540740039746,0.024771136241249325,0.026836555790985206,0.02051259550120958,0.026836555790985206,1.0,0.9995511696937434,0.005940594059405941,144.0,1.0705779917878564,0.0,0.6231023102310231,1.0,1.0707809779715376,0.6238941711451013,1.0,-0.004785478547854716,0.05563694349626358,0.006110868616324705,0.005940594059405941,,,,,,0.9892739273927392,0.89482750789824,,,,,,,,,,,,,,,
62,recruitment,xgboost,coda,natural,24240.0,0.984447194719472,0.9854994192631126,0.9536178107606679,0.9876701361088871,0.9703453158184535,0.2784243509400179,0.2495112665912131,0.8961546134481834,-0.028913084348804796,0.9817905918057663,0.9978175469227412,0.015236112425475536,0.018712977921378566,0.016026955116974828,0.0034768654959030296,0.016026955116974828,1.0,0.9995511696937434,0.012582508250825082,305.0,1.0173242423904376,0.0,0.5740511551155115,1.0,1.0174171546811932,0.5747416287722199,1.0,-0.0048267326732672755,0.0013271055499434192,-0.004698732057685673,0.012582508250825082,,,,,,,,18138.0,3311.0,3.8207886002544904,5.0,5.0,0.7711777529954179,0.1523488907633643,0.5,0.38000177616994024,0.39022226266653826,0.11999999999999933,0.45,0.36296008952906117,0.4194431415909941,0.23999999999995336
